reference_V,measured_V
0.9900893193121927,0.8059952218165608
1.1145349391500523,0.8660861340801809
-1.9384106665296572,-1.8809899320624672
0.0022831303241258242,-0.5984827897135375
0.7439479958683201,-0.05713543948227506
-0.07613824634318407,0.6499329053922734
-0.07889400334225946,-0.6329216702634326
0.6272586363124951,0.40235842819548845
-0.8375701138711465,-0.6886096276254317
0.4465779424272199,0.8079183051843154
0.41435126592884075,-0.20885083080470868
-1.7634445675278263,-0.587337870848097
-0.4971536589344222,-0.11579341193823972
2.3422601664084466,1.3394056291367378
-0.0991602137604094,-0.13462618429611192
-0.061154296952868434,-0.537312838864179
0.24339592059079243,0.047981955841949045
0.6799583019698244,0.6338323705839932
-0.2361160452464914,-0.8213765224131064
-1.3285673013788881,-0.6247752204920349
-0.7286023479045916,-0.10789039599547068
-0.741769114629312,-1.1791830255957616
-1.3653817055180915,0.12428055204238486
-0.28062071860597243,-0.697138156788692
-1.6491541821268676,-2.2587979564390235
1.2059485016806866,0.35031202951692936
0.2920461774524871,0.8168325412447113
0.6209573497062941,0.44066577534038853
-0.37745244979966613,-0.7934124073761586
-0.24675352028924089,-0.8819787562267914
-0.04380572579668312,0.9429708163401813
-0.24465674141760196,0.2374308815326077
1.0336443444104289,0.6739928305770821
0.7571883328019409,0.060342574763188994
2.398297455807119,1.3133605613720427
0.6473191025099956,0.4293778827755591
-0.04212446828965119,0.09003157107407275
-0.9833892407635486,-0.44158673713803037
-0.44804747370061726,-0.4489801510263583
-0.3308693392493445,0.21327885040381994
-0.961499306187825,-1.184689508043831
0.3447523786558963,-0.49642753448490706
-1.3346462939602282,-0.7854320199541351
0.67768871450776,0.44368093373606493
-0.21989790797957628,0.22940807960474213
0.5551501777881523,0.43388046542869474
1.275501324258373,1.0570355996392649
-1.632281595088029,-0.7477796411267077
0.4047699054984027,0.4656340352204972
0.8373855408594105,1.1933232088809929
-0.007252722213202115,0.4188476960365235
-2.2280345977978446,0.12366223076976302
0.45531461108759297,-0.10990284365993902
-1.1935320734433126,-1.124799568505452
-0.4950660858785289,-0.6091958898950502
0.12083577146906874,0.649326211361601
-0.44845125176196043,-0.39263949709507207
0.11199459480453518,0.3732716636927676
0.6281178842411671,0.4803223753860333
-1.5373105011792199,-1.1578982406975973
0.03733130166718937,0.1497670778397394
-1.43782806856191,-0.21554643882984703
0.27037470496108773,0.9915723569103297
0.7707798236707374,0.7208290546585283
-1.9537897817301153,-1.4308515322087594
2.0044133794015497,0.8093310635204413
-0.8761609802710186,0.09466249038478969
-0.5710222483584088,-0.9713394226350995
0.6204035822025041,0.6528368255195973
1.4312437076801858,0.7713369964376713
0.0021697637106698375,-0.30495282284243297
-1.0006687924287885,-0.4129132719519567
0.29011186349456564,-0.12072173980385562
0.15739673631047918,-0.6322011572441051
1.9096561135359138,1.0245113033954236
0.5971993070599673,0.8743263561157351
0.2559493214007603,-0.018111801346554213
-0.31638452418739055,-0.47404646988457005
-1.0851782956317966,-0.9263782008577551
-0.5686164963980006,-0.5287383745871372
-0.28196778036328113,-0.10339951658665683
0.6707291125065501,-0.08074837569165616
0.19907296744319092,0.33794814845672727
0.5243469118127874,0.6725811583327886
-0.058760214284584986,0.3808547415110062
-0.3286175634028132,-0.8012776480498156
-1.0815472570186424,-1.1080705484894948
0.784421404479365,0.4111824315348187
0.07878717775468357,1.0443550215584674
-0.34790649781244287,-0.10660612692294065
-1.6220785487998393,-0.8701010064313953
-0.7198116820475023,0.24626896226776857
-0.6661582169657121,-0.8031944114505059
-0.1973989825987216,0.7010780604612202
-1.0303922751499197,-1.3078073157880432
-0.7899097814758301,0.16939566088916103
-1.3341540323497378,-0.1167161428434883
-0.36072344147535357,-0.053532316499502575
-0.7052240797390864,-0.8039492573835636
-1.0683050895426467,-0.9525340195928089
0.7629416747071345,0.2502724700607286
1.4176488566949035,0.4428324621012185
-0.6900553342601651,-0.591652583081858
1.0147071936076666,0.3918243925121849
-1.0952609076221997,-1.7066232329492106
0.4188156620254113,0.2185357501310529
-0.7509401912918351,-0.6197815674955343
1.4627542401563765,0.5266093465704079
-1.2171188344797013,-0.8100736953336642
-0.6878429354024216,0.05860660974960569
-0.7290626451604371,-0.8002377129832902
2.5491103890912634,1.5099799747643141
0.8849593913151025,0.24993896368096097
0.35215083399487057,0.42922179255771853
0.7615095082708517,0.5020449593291483
0.5768194800963904,0.23058380717459753
-0.7379485660277597,-0.1793929458682777
0.3664936952275658,0.14804262568134133
-1.476717938188385,-0.20725716663222926
1.6098656187097173,0.6112718368041512
1.4171935606889274,1.1459708279889336
0.054318888174320186,0.28216778411912974
-2.1911061984335114,-1.0921411417953444
-0.13894639534805714,-0.15136685844414405
-0.8892872396456043,1.141720402646011
0.9315510720183067,0.8332048095254163
-0.26049500981923884,0.4653385212417084
-0.8011015412399858,-0.2646086830970317
-1.4094018137051763,-0.9631680159695484
-0.270948986800355,-0.06321251685801543
-0.13884900175723777,0.018288926195798333
-0.5701716330651811,-1.0575116425117752
0.1867648407942219,-0.3913146233726127
-0.6625876039662048,-0.2671121441297314
-0.45791279879487323,-0.28511935322738347
0.5824414974272553,1.1192149467632837
-0.14779550038536032,0.10407749613620058
-0.9420555316186155,-0.1390341169701848
1.4000909260586625,0.5739114190789929
-0.16623011955651942,-0.5090576890349793
1.0372034864022606,0.9701351349349698
-1.317280236031237,-0.7936957572614843
0.7861711734919282,1.2698506132991922
0.6965245101465002,-0.18974923085761303
0.8506142226718226,-0.6068994927623329
-0.6307368943079594,-0.080451243545891
-0.5084424063590414,0.23565105846144557
1.1809087778708376,0.6648142991596058
1.6547710235646187,0.39605109363268853
1.273633039156986,0.5710041448733616
0.3419460514334346,0.31691535512714114
-0.8476599917277136,-1.1002258802120806
-0.2913987821779436,-0.10374358831255717
0.2513805686811438,0.38006716742303875
0.4754980103361674,0.8849486043515572
-0.05505859412269482,-0.3336775476995713
-2.1120388855403145,-1.609327279163224
0.3323234207021078,0.05977744129110238
-2.8913776856239832,-1.3875147553777571
1.1488293737073527,0.7244425877976313
-1.3681987939735718,-1.3219104712552627
0.7040643519809533,0.2998977549692603
-1.0478357290447915,-0.7874904402948888
0.07741081288965201,0.6480771040025495
-0.9655064878206673,-1.278710531345471
-0.7627333354455768,-1.1926318998232672
-0.22781119155712798,-0.5435898010742359
0.14907753262775947,-0.3530600327907718
0.28306357941312416,0.5372032361699258
-0.5424279066113409,-0.9636716036215782
-0.603920551808702,-0.19492067341123998
-1.5079244699944077,-1.1966424785807837
-0.7794011147614313,-0.6228589261199071
-0.4221366006170475,-0.13036935070346373
0.5472410401737603,0.40150911667644473
-0.20631847026968517,-0.46503707488827417
-0.7919958258311431,-0.4580201469793549
0.7060732848458912,0.916655836491552
-0.7121637032822822,0.3308524015727361
0.27910334127790015,0.49642052408450854
0.10163417161276403,0.4075112747931656
-0.30383544683700786,-0.31702556665548565
0.511904385720499,-0.017032481076292516
1.3113646100869842,1.1063235494375587
-0.326809061389634,0.5161441950106543
1.3832686208971126,0.51276269473706
-0.6123009122942972,-0.5462204728196199
-0.20165640971822074,0.22858614269477767
0.4488068238689496,0.7945839373494361
1.2951333424170537,1.8156166802693368
-0.5957557578203795,-0.8148240983824558
-1.0841796719199988,-0.7058115483332523
0.7021745137646788,-0.16669704171517435
0.2796506305610144,-0.8785904322174243
-1.1010582344704904,-1.0460329974177507
0.5666881351964671,0.09047363822703991
0.9025800204193897,0.5431933184771155
1.1137945341792241,0.1698254553410315
2.8245409164890227,2.6844316725935498
-1.5726432360462244,-1.180849797764917
-2.695456686651262,-1.9292020767341658
0.6055865723851896,0.5003663625242996
1.1333318442116067,0.6509621117879434
-0.6363096841027072,-0.8778859950426241
-0.05821289077710785,0.8317426349558655
0.7748214346751962,0.9955925468372626
0.6294263583955599,0.32733527164591975
0.727389206527424,0.8937453351878285
0.6188090089894146,0.4644700333833671
0.14378646366582065,0.4726526530637102
0.1638517631049756,0.47036723923166324
0.9620785683146189,0.5194588695667378
-1.219232446647677,-0.6187918096496153
-1.370500118922383,-0.2882733093540234
-0.14077041476936344,-0.13371047371669187
1.1018556348332837,1.0747595859063737
0.26540752220338865,0.2558306980214657
0.939979517747366,0.7772818760462773
-2.2221821138901463,-2.123021079887965
-1.194999808856734,-0.8815310899175959
-1.558993580521469,-0.8459858788937666
-0.1394982571427093,0.31138854544690564
1.266781191696538,0.9352051831156056
1.1119418853106207,0.32029989167353723
-0.20775799300289563,-0.2882209570034655
-0.2140083688948291,0.10462060758984854
1.9275882049049087,1.5087720269954772
1.228912387674087,0.3199089374190232
-0.8283053922596024,-0.6957259798553092
1.09682855847665,0.43912583858934795
-0.01745663331036434,0.641687122147315
0.7234934412320034,-0.4712158022013344
1.4107309783260111,-0.02541643584146258
-1.299825950174075,-0.4314533565116527
-0.8043793467521216,-0.7601506224796016
3.056360493558237,1.207854449962593
0.39162553064481914,-0.36155396312556787
-0.41777950810319875,0.20338033791735555
-2.1665436476363067,-1.733830961235979
-0.910113547866529,0.006196100797638104
0.28740223229051354,-0.4289624310022882
0.13312409451410231,0.30835053491222925
1.9191094347442441,1.1215919926372444
-0.6616519375238048,-0.5688130717787984
0.9123645798974273,0.09860453600158947
-0.6129712795870383,-0.4510940293150949
-1.879534469075276,-0.9936524103537728
-1.313205494476926,-1.8399432183124593
-0.6518509276071773,0.26585012247847306
-0.6299322247406904,0.3165621942595135
-0.23294432084640573,0.13524271639900373
-0.04751583774205264,-0.1698456464017996
2.4327995578935813,1.4049012257339133
0.9771543284219473,0.7946786890015638
-0.22954150366387768,-0.4692293056947269
0.0907991117131225,1.1875703060223817
-1.3229049750094912,-1.0195627453360006
0.9069816778865759,0.23855924264132167
-1.0186073019024675,-0.4636782051539696
0.5388390191410009,0.5526773612932038
0.15531790608958893,0.43769267008919355
-0.17463934466245226,-0.2205283130842916
0.3201348602083105,0.0809095398738663
0.7368117577377356,0.5265435862107706
-0.5129891275217989,-0.2682272971651928
0.8561627510202476,0.1885919981445635
-0.02336589604698957,-0.9034222789729429
0.2766176180264128,-0.10250801502403975
1.048260042739942,0.06983034893755335
-1.3349931472370948,-0.8265336620226738
1.035021609207459,0.4767726659865974
1.1295623162738655,0.4519099507568832
1.1873143464614422,0.06335196137352994
-1.4288495968571293,-1.3173635073984022
0.21678614637841886,-0.8748487685561357
0.7848054493677359,0.11966046990484702
-1.0916749033900448,-0.5770054791351704
1.4737394793094623,0.7510495496494594
-1.0030117401807004,-0.4758571283952827
-0.7330149896896051,-0.7072066668450026
-0.9054724994275688,0.2774317241789387
0.312566340104653,0.439751906274819
0.06724985645564008,-0.6506684378739629
0.36627358649693337,1.0463608797930983
-0.2989393907057271,0.009966633542046466
-1.8741350896845483,-1.0937225946305245
-0.1193503588671665,0.6415447122740833
-0.5244354599416607,-0.4994574324477656
0.772933018682248,0.6971713788293663
-0.5054181719353168,0.17568108404120353
-0.7690071994306441,0.30330380028324155
0.0941089244333558,-0.1316732871521592
-1.8524397864144846,-0.8504294535402852
-0.5607092429076782,0.045075445878889286
-0.3018917797927525,0.14394041095869228
-0.5420889229323664,0.6131724775197511
-0.7766967306770488,-0.7937202060332225
-0.3519158607655538,0.2663264990528391
2.1301705810087643,0.6855396660777894
0.17831348265561986,0.4423218768208271
0.7064224980726117,0.7376563714582163
0.9421868356830438,0.6467017946196089
0.655179272503603,0.322073259366437
-1.4496311892603566,-0.6871071804387672
0.8755443000661545,0.48222362569819993
0.4038104282415293,-0.4021516671924793
-1.7624201266902335,-0.8920679050733615
0.8035368404940907,0.8259673635624716
1.9074949645736885,0.6927619455054436
0.8801907493843226,0.21168483192417464
-0.5579953610002267,-0.4307031442983603
0.6103675133113268,-0.15635960365178347
-0.34513233167771673,-0.3692164971421491
0.9162065571452244,0.17664842121094054
1.0232634605836675,-0.023034079463413737
-1.731642060267895,-0.8078374564484583
-0.447468057675469,-0.33802996122771795
-1.5368919747307195,-1.4064710310945732
1.4230469036151934,-0.2984148642137653
0.24058404678556797,0.4167429383047745
1.172404569759662,0.6493048784512218
0.562223741696143,0.428503975672205
1.0431203323077358,0.7277990613615136
1.0181076514494947,0.2912362308328201
1.171629476981589,0.4490074073410377
-0.2831932611586163,-0.3512359660640021
-0.356196310256292,0.3109547228220686
-0.22759561727271096,-0.5143814445002451
0.18918184698450285,0.608415946211992
0.03288088301679361,-0.35671398623172174
0.8164431974532821,0.9999546581067341
-0.4457606819445019,-0.7912386337009001
-0.15572325901657783,0.4722948946796378
-0.17922017076866253,0.6178363617846677
-1.2664855241263697,0.3834776562930039
0.9707509440883906,0.8041497648851303
1.8517859410450719,0.8665351095022515
-1.7467289223266738,0.08157470530499467
-0.921864724881684,-0.6514889793077971
-0.03172896212005353,0.6706348685172927
0.8763046415012645,0.4563841097846022
-0.38314752144743247,-0.5574576566401481
0.5953090967524372,-0.0944417872550748
-0.20908226517704484,0.3300740715342589
-0.8192541221221378,0.17572783514410617
0.09008969827365838,-0.1472737335021427
-0.5852885986198825,-0.9433484410969699
-1.2072195460745931,-0.8108719468916129
-0.6690134066816876,-0.5926342927815275
1.1603245009049945,0.42750135209960777
-0.3196576105409038,-0.07139829634471019
-1.8335446275809812,-0.4741742171576515
-0.6561405901894732,-0.9247617254966358
-0.767095589284895,-0.6689119230573066
2.045173785871805,0.5805795206085396
0.0045533372236041675,0.8291704935979881
-0.4567092651959112,-0.5105006506450147
1.5628167426607797,1.0374724197101233
0.19266449452435405,0.27905101956567147
-0.478036469581379,-0.14526473183531083
0.1478837568633889,0.6855820996499504
0.2462998455920019,0.19386979487725847
-0.8306327132269766,-0.06078048365406702
0.8637940194136118,0.6491700842942952
-0.27467623549167114,-0.21006725107875607
-0.9985991105393897,-0.5920024979700426
-0.734693583433014,-0.5632570539026143
0.1211036388808373,0.6656134238871815
0.2312017299807823,0.0485930084817659
0.5399733693905897,-0.034644326899772704
-0.9889411048387697,-0.27484436482782587
-0.9912798609452627,-1.0410107813196188
-0.26280564261618417,0.27258440268333095
-0.7086884707878448,-0.40265416182718833
-0.8293982899973343,-0.4973739321926331
0.5730095146544643,0.6912262798383981
0.6441935761623927,0.5463163127101371
1.4680153113696088,0.7288307569447824
-0.10099962640202408,-0.3974948564271115
-0.13248686131827003,0.1359995732406737
-0.3221944304071652,-0.18996562104501977
-0.8042869206722082,-0.3823813652146043
0.07041981808732019,0.45342750094556955
-0.02369826489580264,0.042345965363486913
-0.8734484987770093,-0.18317284552154023
-0.14175211775364888,-0.32136701012665175
-0.9917075448116938,-0.44653465422339217
-0.09951838641180188,-0.31463211681532455
0.23069441646534491,0.08523060415435997
0.8913941361733241,0.46910043367524207
-0.8997749657007014,-0.9421151566593174
-0.835287357036744,-1.2095980721409063
-1.231358297362019,-1.3812952922401196
0.2889325697459091,-0.08105311888068475
0.5582414975874276,0.2316491141487266
-2.547385867707606,-1.968809447266135
0.72322331016999,0.30066561909295997
1.6406340447593906,0.3571529840482346
0.4129585127914851,-0.2652723586025034
-0.8837029401832129,-0.4447289148421906
-0.23984834276340533,0.968343540003662
-2.644209178369632,-2.0132208748299067
0.4862586843761498,0.7843745412398477
-0.3820949578760305,-0.8189143999288964
-1.2035960718486165,-0.43522228192583606
-0.07733091907095732,-0.0599906806453355
0.13252018419179262,-0.2434402004698536
0.13430861005666342,0.3493230013985032
0.2722177855512453,0.5593731085781166
-0.9604330912774568,-0.015920990294835846
1.7099111381770535,1.1216596330593214
0.7036935165886457,1.0272530403417934
1.1809535600401804,0.9482523072424746
-0.7961968877395907,0.06723648698345186
0.8378737679395876,-0.16085264405229593
0.42561259003996493,0.07347234456780322
-1.5158790442523558,-0.8870312141116212
0.8148881406124882,1.0432178566876977
0.064344730499664,-0.34729511189917595
-2.132217445333047,-1.3125531686031529
-0.8370975857870747,-0.13036042251404584
-0.13575149144024365,-0.08302757155660763
-1.8110196329040096,-1.1494289731925196
-0.07698389361785148,0.36342543678815
0.036489580389315726,-0.17644338295526008
-0.44150740242812475,0.3083230401544833
1.7509909891045867,1.2107643582422267
-0.054098618820896026,-0.37714126154795147
1.244402685311632,0.540333058601943
0.6468528473777958,0.4122548289080176
-1.3766443410308764,-0.820101864316452
-1.4401895758227055,-0.9695869701298208
-0.4433669475418732,-0.6569112219929416
-1.3790579786449673,-1.1076765004153377
0.49896029623299976,0.8329263911406675
1.125148708203018,0.5760423190454939
-0.6892496995947778,-0.4899045857342059
0.4599647319397244,1.0839538315505488
0.5314148030983209,0.9502121562442398
-0.16190518253629033,-0.1652899251571548
0.6826512314168576,0.04951904829266224
-0.5569642245136727,0.09267144219404122
-0.14310414341145403,0.9510247249484816
-1.248326225925164,-1.1081888104641369
-0.3143343494903281,-0.32486682604411005
-0.78643235792468,-0.8208111613236384
2.370177870204173,0.41598909530409345
-1.974274021501346,-0.8499427931262272
0.796310827238912,0.6140555190116873
-0.32156110115777753,-0.1061529074731564
-0.3841917259862951,-0.5250165611426706
-0.11422838037196563,-0.6136105626057575
-0.5188869619865079,-0.41804699493376574
-0.8061765319165968,-0.8745258508955095
0.6026411128761754,0.9726196771951019
-1.3314219874666846,-1.0911299084393768
0.5886392709107543,-0.025278078976917195
-1.5187725948289357,-0.5579472594003914
-1.3003270825991922,-0.9260138364219614
-0.07840669305655132,-0.22252019687143357
-1.1436265793406293,-0.713601937450747
-0.69555020831046,-1.0717618141632603
-1.8608649897859275,-0.7495563934688989
1.5631615250007362,0.9124487851695833
-0.11452500539984484,-0.06273491948516063
0.7469650035121542,0.9370803272214712
-0.871171649474914,-0.5246574441637202
-0.08436666638507428,-0.21840318430571418
-0.07721964257853303,0.16043671671569154
0.151225803788333,0.5383562696337327
-0.7900006774184815,-0.8368428604082061
0.48799630824885576,-0.22062790223085854
0.5875637823743143,0.35499746633102813
-0.731390595642587,-0.4698434454789595
-0.2755503868595695,-0.48627165980372167
-0.43372398230290843,-1.1225328364997047
-0.6002926130828296,-0.3380644317953054
0.3810475737152348,0.6610020532896962
0.0633634373820153,-0.09999664861913965
0.21873928026471454,0.1488974790147501
-0.3066029124190977,0.6290246113238139
1.0614252285024899,0.23813558665156503
-1.130434761296506,-1.3968634774729125
0.42784250899455556,-0.39981755812876907
0.21664181206360816,-0.14361693482366325
-1.8784045528204616,-1.1353200398160066
0.23058660543792345,0.10021189007554171
0.4630233477738859,0.7007938794413678
1.7957083043982391,1.5060373925734667
-0.013642168929570375,-0.5357008888118885
-0.43799096571523294,-0.4799389318080978
-0.6474086256400388,0.19062268012687378
-1.309503264959134,-0.762285046847652
1.6671169845156024,1.0457694591798257
0.22589684368028276,0.2942271554164132
-0.12079627367946728,0.03615311326871361
1.2277280349957365,0.1144641289485624
-0.01476720125875778,0.059483833985765636
1.089125677355738,0.9160274494812028
-0.5737520103165167,0.21002139969205758
-1.62853781300361,-0.4592822239526888
-0.27286466115592345,0.4221651239972395
-1.8996339903091863,-1.3645135441616492
1.0923151941534273,0.8638310303802113
-0.19748716817819226,-0.24645694838241963
0.12772916762642847,-0.20336784970355634
-2.7815881058170397,-1.960938025986891
1.0564217250446553,0.5206309125194942
0.1766860386116927,-0.07064339627076631
0.6754358815438777,0.554123805537839
1.0912649518618445,0.7698250762049099
-0.7590506169748936,0.8400454690350857
1.5865324764443622,1.0055947456931054
2.0307423028706246,0.6706041170907374
-0.8847230050614994,-0.18533473574211523
1.2785063123189448,1.7352020130925698
0.7235514912491554,1.0362975396880263
-0.7385885983270936,0.13815436674219078
0.8743612769823838,0.024191070628497013
0.5393679856149658,0.05370492180467873
1.2424339499219315,-0.4760260818031644
-0.09539404239395079,0.3827178323509662
-0.050127564840419775,-0.10908454462752647
0.9584545681613451,1.3881283779352207
1.8045459276636242,1.3083064947033136
-0.9805456682770284,-0.21351515706019875
0.5731652784364316,-0.10372183624356296
-0.21079151875440424,-0.23001106608939903
-1.609781620941108,-0.32842647580350126
-0.35289295481221167,0.05334122064149968
0.03419276277389112,1.4655528685278678
1.2753340505579394,0.8407898899756577
0.4774418773930549,-0.3532579291586195
0.7422328639255136,0.08861190646376627
-1.3960082332358004,-0.49355435575631396
-0.10836117432223422,-0.23561034166974076
2.272055805775107,1.6330262052028917
-0.17868309005415337,0.30633052435389296
0.2080784032201895,-0.33618404044563377
-0.4475570750109347,-0.4531464904203104
0.3480193129462474,0.1424556634759646
-0.2662513617294086,-0.1648123457214012
0.11752831243224657,0.6562617192020948
-2.1299276947175096,-1.5150442216743663
0.5508319815034262,0.5143627940135238
-0.2543633526370597,0.08277767595187926
-0.8690096856131755,0.2043908935083799
1.4216664931172274,1.218927597431616
-0.43985407417285605,-0.7947964844348818
0.7618533169049752,1.283226071912194
-0.0027211713532304953,0.010037137064350832
0.33593471037023154,1.266272825757463
0.7335595222293081,0.3714441265064145
0.8939005180974442,0.034799592298179194
0.812817124548801,0.6452076682659452
-0.36396069991241625,-0.08546903900304689
-1.1923385276806573,0.14571205866027725
0.4645942568158377,0.26372897458309275
-1.638535585590629,-1.5929170059881916
-0.7828538254854209,0.04944498345784848
1.3005042156150468,0.8033859537901412
0.434581492075858,1.0156701362652663
-0.47522960618768667,-1.112822503640011
1.524317639201038,1.1784076640637764
0.8259865789938009,0.48242840507484985
-0.6641101285059777,-0.2053114508110909
-2.1482141968480555,-1.1644966449322498
-0.7293872837061117,-0.6615792688501145
-0.29181631012282894,-0.8730236653075534
-0.3567414927811398,-0.7954122273363909
-0.9233766655525432,0.2988343413074225
-0.9017695462887649,-0.47632307605201024
-1.049426362409503,-0.9574393280711058
0.07781730901279903,0.5175271873587373
1.4099084235136243,1.7711560220912803
0.15007597610654716,0.7027072641362719
0.6118086110141719,1.160695832113759
-0.9946023037637651,-0.31413965732999877
-0.9447448333231381,-0.6920259873967296
2.0902376240964644,1.5237688376655167
0.6793685000753221,-0.3224136077086026
-1.5465638625936684,-0.1913004232777138
0.38888134599057333,0.5079396986167677
1.3261326827230198,0.2844958633384581
-0.3410466166772921,-1.0261615653956244
0.29671127697771055,0.2740757578309401
0.983957570657978,0.7907956878720196
-0.4199231958256178,-0.4221857392153796
-0.1569725355374257,-0.43156942092004735
0.12205286906476151,0.5388766209018863
-0.8801911084003806,-0.20631670770529392
-0.8196171971283206,-0.21916745498635137
-1.819910998387985,-0.6417475175677245
0.8699960292795335,0.06588719742077348
-1.0933123198382542,-1.3800025439401011
-0.5442120432227102,-0.3212215132127879
0.4887415852970397,-0.5815817266531201
2.2030954689330975,2.2795444335921813
0.6171858083003223,-0.1527180258554387
-0.44879628601358246,-0.4959532587764218
1.2479617303436061,1.1848248045126832
-0.27340695073158416,-0.33744838895707713
-0.13880361670651709,0.12004823554924368
-0.8497571591013873,-0.06507470889224448
0.6055577930820083,0.6090294019285181
-0.40313659404068664,-0.12161360120712644
-0.27484208328438603,-0.6228615308856831
1.2893855839744037,0.6830369297009424
-1.3575531625047719,-1.7367397387011043
0.23506999186304442,-0.11396338242803986
-0.3795497552765175,0.03197157730288053
0.4586303460782126,0.003789386221479507
-0.974280784245134,-1.0594949183764106
-1.9218902423882773,-1.702221197020529
-0.21779972660164187,-0.9830530730653908
-0.22960690488201968,-0.36477976395075906
-2.055838525032936,-0.5457064094114067
0.9764026255627932,0.5018805980543164
-0.3535603286382056,0.02731544118371021
0.5442058641289093,0.0474094584437067
-1.353784561772607,-1.3997137536520832
0.7005368869037314,0.2588896375997944
-0.7056335809572437,0.3201745687583512
0.9221811955752269,0.16909430651463864
0.21959487410340553,-0.2032225085600511
-1.1705542380788425,-0.12605567975680432
-0.08797245162268759,0.41644558150762956
1.5547863746857054,1.5268534916551983
0.6585831776383803,0.28257278186468593
-0.7462988249826892,-0.4895469308371469
0.3707332928789218,-0.043909737414611405
-0.4083177314230207,-0.6125919633005201
-0.1485570121967987,-0.48711166436890885
-0.26810309389663667,0.31191626858617727
-1.7914411389970832,-1.3843513319665648
-1.8993686785203492,-1.2898113643931157
-0.10679076708816468,0.43048993041359274
0.7425565220139885,1.7663532427704003
1.0209500225565578,0.2839601902927791
0.6167135583881043,0.28900611219814976
-0.4026079716794824,-0.46735906358008406
0.3602032216626679,0.3001097938668048
0.49536298418714847,-1.1499273592508747
-0.9234090106521743,0.34713711902616917
-0.4321055401012847,0.1287607333021082
-0.6774106834955521,-0.7040858914067656
0.2806412336793075,0.2602297245057663
2.184572295320228,1.5024881000192354
-0.5231761099651437,0.1222584274102172
0.31821324656269107,0.8036773851316987
-0.8455499747856562,-1.3178889605026387
-0.6536832711481081,-0.8588595026185089
0.08824222438487142,0.6814431139404568
-0.3974649406143872,-0.7842208072778354
2.8416838098826527,1.234269087772796
-0.7148369032275337,-0.45743317085496266
-1.7697784122747677,-1.0965809234405663
1.2283615703849302,1.361548883537972
1.7780056008083451,0.7814726131322793
-0.014640398652869672,0.47459789663353585
-0.20771940861020233,0.06182404504982923
0.788502146863088,0.9349352567163781
-0.43967910818655886,0.11027086085091925
-0.6339536777090989,-0.492853559221832
0.3280497906000156,0.9138582534790902
0.5698570189528871,-0.4329242638493576
0.21767359308530032,0.028678158020096073
-0.8169945205098346,-0.49133199532077165
-0.3976013317829068,-0.2080463390268976
0.21821755865679415,0.19762869689085688
-0.20803388121094826,-0.02039809816457648
0.12231260624617091,0.08152870272036701
0.9534242127158157,0.725359434578988
-0.718774562427273,0.08126971631406049
-0.14199442156634198,0.759978707172928
0.9241060987834958,0.16338858107733728
1.312129335500852,0.7102991611441578
0.7545228235058024,0.9630216180976501
0.5523028332024208,0.6897202327465558
0.04534653653459469,0.71292607332424
-0.9059557220012436,-0.2890062612124101
-1.441078161614807,-1.6345140634494464
0.021330132128415544,0.00899163026989439
1.0861842304138367,1.0849230441687778
-0.9826097337890132,-0.7845983512651664
0.8012831523051126,-0.23100237428540232
-3.0379519983002723,-2.5866783755735545
-0.3141786599589047,-0.5946161339108806
-0.6295325471566465,-0.2169441006559221
-1.4239360473310638,-0.987667223680468
-0.6774722713771614,-0.7416288346687132
0.5371098438992072,-0.17530821814519032
-0.3720103221346097,0.011197907442649035
-1.3026750782237817,-1.0020274428350076
1.1929174491012087,0.9307866582527687
-0.23248747599579161,0.23220008963303806
-0.446602743838323,0.1811187828253636
1.764744821516948,1.321408290952375
2.788304161289639,1.502843683343797
-0.7538082898514578,-1.19510969476798
0.16191918129842167,-0.16133551177897798
0.10493096812545778,0.2689728139519141
-0.022992696390180995,-0.031090032007991812
0.6160666845956921,-0.14661169282048825
-0.3634264845734873,-0.0963953735380446
-0.4985967507220098,0.19949490108701395
-0.4541890930504828,-0.08514719453366126
0.6076707618105801,0.5691043291926222
-1.5748413858713042,-0.6603496482122251
0.08996095127032358,0.7804235035685628
-0.08022680768532851,0.24107649929135383
-0.30021052571277873,0.631600295208962
0.32947250735705264,-0.5197557696394783
-1.5907926342011702,-0.4077722967078502
-0.8230737409432676,-0.6747575522472864
-1.4401803335974461,-0.1267356479913596
1.1002386850777486,0.29215771972550286
-0.13937854585027637,-0.16938250521243386
-0.4748833927067395,-0.2306785324572374
0.39792245562740514,-0.09484126214288754
0.17986131473144087,-0.08314528130649806
-1.558331576352262,0.0017505547159892831
-0.1942547718974571,0.3644297721898297
-2.6552178711110064,-1.2722972095674951
-0.506278574236743,0.1756648519643681
1.5680637691247017,0.4651500107789391
-0.6249189299720858,-0.6988949021086082
0.8907797319609819,0.01853128140336635
-0.5939251171567769,-0.0204055568002664
-2.4169628705779496,-1.3906909350185603
0.2536002098713898,-0.21207254255107041
-0.37011980395603006,-0.7619204641220105
1.3172287915900887,1.279138821742364
0.13068432497190463,1.214857283227534
0.03925251605586904,-0.053556777733428165
-1.0409187034976735,-1.05227230341377
0.8560284245773435,0.1826860099683701
1.5502171036822883,0.8319043067366467
-1.4119728707483505,-1.3422363744273238
2.8851147746341206,1.8673601724555038
-0.09306708928411858,0.21509990532374249
-1.2548871371473058,-0.9978369756410369
0.44975437939787233,0.509671309254895
-0.6875080557558508,-0.18016864056628748
-0.6004674095958756,-0.2563791402629686
-1.8716654788627065,-0.4786563184693179
1.5829024630291317,0.9412766699527171
-0.43547345243213026,-0.5549040050113809
-1.1141520616382214,-0.7811890360314897
-1.0102909474858608,-0.9364618247995626
0.12470821437130515,0.11368091613676512
0.23952146004916047,0.7870465629124486
-0.5070601164263995,-1.3980445195779194
-1.260100331550369,-0.5879669854677659
1.0508431624858434,0.7168686011882381
1.1198911169240833,1.0109917646633009
2.21399077887515,1.5339240978448452
1.2731356265095561,0.10170335441885381
-0.3277145705798281,0.26878646622980196
-1.8861621012744365,-1.2214762147925766
0.243475836478089,-0.07724062364808557
-1.1984113218793784,-0.7938437138449904
0.21007316698816556,0.13828286323958427
-0.6107006942581911,-0.21749308278418292
-1.2113204815034828,-0.8025288029391472
0.6818493408567953,0.7733814314414935
-1.110264961157512,-0.2024517030254584
1.1843706452174543,0.5579891840069319
-0.6010621725854612,-0.04834553720434548
-0.5100138514434016,-0.5688833242378377
1.6424498241098562,0.6487434807630416
-1.0179375104966895,-1.3759940589685107
-1.1126516966699844,-0.34910971224684345
-0.2154446701184449,0.0822636267519693
-0.2459708876848592,0.2759345308252431
0.16025367309363206,0.247180150302557
-0.6648855412885128,-0.2699853038454828
0.8209348299406932,0.36152882552040283
0.3940927207688671,0.6953042818586395
-1.1992667156345032,-0.5919632719109513
0.6140650209432037,0.903776825453815
0.02792575470310047,0.558454268583616
-0.11708398912329283,-0.5350095071065489
0.3116990261151647,0.5430206596433237
0.8559281016642306,0.6124177102267284
0.2562302261789424,0.23479909753660513
-0.6909643156433037,-0.3102167803415083
0.6547313464036001,0.1925377278593918
0.05996839850478784,-0.007551114855372888
-0.1851070624807047,-0.007388646646339481
-0.8173968992949854,-0.9196750060012433
0.8494423551845731,-0.051983985898253815
1.3560218733480724,0.48304209081750465
0.2490659684382856,-0.48010147262157477
0.14745068286500512,0.22814637053556358
-0.07977916596198666,0.7628769681151913
-0.3631431087784705,0.08788303591800514
0.09248007799625976,0.15729785941363258
0.30828651514976796,0.13023876293952286
-0.28838401404770503,-0.0016010218954444488
-0.05399970944545097,0.3603609361971556
0.2887057304616658,0.23281761909543455
-0.7788439124375245,-0.7319449825186379
-0.569833926306347,0.1522240500332262
1.1431702673103945,1.4081604323151573
0.4671100127886764,0.1674022486865359
-0.898943905099291,-0.2735236593105717
-1.4752382395844796,-1.1429956927817866
0.016323098039740018,-0.3820309900304077
-0.902838677887283,0.3814783733907001
0.8967828906290167,0.41599434550326264
-1.4511623863990424,-0.829412183744434
-0.27443270587434393,0.4769849274783178
1.217870087715756,0.7738096065301336
-1.0388744964916026,-0.7602283411210256
1.497350641991457,0.7252571121452202
-0.5511594203449348,-0.17069510551089906
-1.0671951934191393,-0.7657420735831374
1.7825862136422383,0.8748649764635086
0.07448360873498995,-0.8652465073927562
1.0885616807008895,0.45622271219438615
1.0285937165410624,1.5589170931825516
0.1412096670097059,-0.4544287102143334
-0.5243003093278704,0.6219228696024162
-0.7451615566640571,-0.6336309010336894
1.6600643083184399,1.14661212992204
0.2605890256456641,0.44549550564919005
0.6830004910182932,0.27010210447700567
-1.1178402539526264,-0.8246406781256366
1.1880326817262656,0.8699149329454341
1.4339052238593821,-0.24219241156896432
-0.8345695787771079,-0.9232166508083179
0.6350736976660247,0.3911614002662355
2.4531162277651646,1.4635408845934035
-0.9404242461404249,-0.4973873095909882
0.5996071104423675,0.34254849459677106
0.6860998846178087,0.768188852162772
0.9830893766145067,1.0972095584554133
0.3937636026184899,0.6966448229084391
2.8721142862684017,1.9894399430515803
1.1213480407624026,0.8649333164914782
0.4151887952942098,-0.04809087814669011
1.4133333964193546,1.2519157598474524
-0.1046646362564822,0.4046439369183204
-1.0545205883106745,-0.8735583961084957
-0.7924064547319629,-0.03671426475443651
0.12783101844268113,0.28750289336180335
-0.7014101739684541,-0.10583308787572693
0.4511227461276001,-0.17277609476999206
0.35355899834162136,-0.2596500156958874
0.0737335606250626,-0.1611291584859087
-0.5682955250649572,-1.0422675769753889
-0.006338685323544971,-0.8381553955731887
1.2735722973044736,1.5614957234690907
1.0331211062952572,0.7745440020742279
-2.8764118769551743,-1.9945944782545828
-1.8036345359509058,-1.0869313677216115
0.21490231590642675,0.00140272573783079
-1.1704671206003332,-0.6962873838275577
0.8508087043671492,0.33258242231036406
-0.9203922420407767,-0.49177953318173556
-0.8754480917773764,-0.8603248517223517
-1.859598297298627,-1.5462677403618554
-0.8909978051026485,-0.7773778691023787
-0.34685541090767164,-0.4992533474055434
-1.2084185024032805,-0.23668453487662555
1.2707682463153753,0.8610960341322508
0.8642399391305174,0.3567475914931718
0.2885751533632959,-0.37261362836552725
-0.2584859682304266,0.07406410848499753
0.38064309857765666,-0.037772841700341786
-0.45489409475185,-0.6265121426540281
-0.4240161605337592,-0.12329124204628705
0.5508365435193278,-0.225988356170234
-0.125334899782762,-0.11810109149672973
-0.5665684212258133,-0.16581390870711776
0.5181841831767978,0.19001212012047747
-0.82586762214712,-0.7601504031647706
1.8208246743912753,1.0395216236839167
1.5671323956381369,0.7047815689712006
0.4680881023782344,0.41693980837180156
-0.909737675681288,-0.8901950431544872
-0.6547314531278133,-1.1953515359831233
0.11294778179571485,-0.4101978689958893
0.010497289387432688,-0.2905331188488528
-1.361101826658778,-1.1456923131479035
0.854751827094602,1.3428642566076796
0.9590821212326319,1.2407985172284968
0.14790145221112572,0.14503989888036825
-0.6313876872449007,-0.19819908435893224
1.3746808438363878,0.9107151707695483
-0.0285234805533841,0.49249407324216066
-1.2683584057708979,-0.7688438344421457
0.9136412187672858,0.04332111435933583
-0.14201631291881364,-0.05065874255234169
1.3592748734588076,0.6964245062485577
0.14238835266252195,-0.11236201934197652
-0.8012488051464193,-0.4713929996401419
0.5167682713514765,0.15967905729085213
0.02183706462353649,-0.7755060608151689
-0.551019452139842,0.2423383045251427
-0.2743632612927711,0.4177217194845571
-0.09542308839311708,0.7372193898659841
2.487170826861116,1.8188512094929903
0.2847835826294993,0.35282548323578333
-1.2907113601132656,-0.5489600343825689
-0.8934938286368355,-0.2814144127482504
-1.459454600621858,-1.1398132048527283
-1.1238244476841486,-0.41723328431755
-0.10780727233913648,-0.16370223528793354
-1.1922206561136814,-1.3344102626660532
0.20808752871936043,-0.06378484276320862
0.7031033746282118,0.1975229379764965
0.3932596812027377,0.40955423721377715
0.668871970021937,0.34381465837265
0.8349696958924989,-0.33497507743900956
0.5057365063115856,-0.5200849671491868
-1.072404749667352,-0.2057839428763127
0.5190108390146861,0.15662800985045935
0.6123709604941593,0.02931254608690359
0.7866687812760962,0.44131329173387507
1.619646722063727,0.6039045494136615
-0.024629496906273998,-0.43165337171722995
0.34675672970673105,0.5622014540172784
-0.19818963467382153,0.05429565710839615
1.200111603491022,1.3310842236012683
0.9977757024090128,1.1362513218521482
1.5780529882725451,1.6121661369655864
-0.30256089148822324,-0.07088298909050433
-1.5392597551176006,-1.565633858450692
0.5495824176600085,0.29763994004928834
0.02205720336350428,0.32297615578423167
1.0344211357219355,0.9262086970569001
0.8543961876584342,0.23127779197006154
0.11638379099376528,0.7056205008819892
0.011009825534358779,0.19946041233393355
1.1034506879115413,1.0779832715434894
-0.8522912476339543,-0.6096712400024598
-0.23429508773652252,-0.691926391744849
-1.551754035701858,-0.16222398226127466
-0.5399512896319149,0.1902430167848243
-0.2506801947222314,-0.20912501059006786
0.31485269132543353,1.114363250671184
0.8170620069019929,0.6662591432220113
0.7188808469690008,-0.3501278804282131
1.4919099709280679,0.897691702634668
-0.9673664630856694,-0.9316912391875967
-0.014767356620818918,-0.5440472070683612
1.1860789013050883,0.5443249442084883
0.07288061140553781,-0.2754298164115858
1.3354351935907895,1.1991761366136684
1.0787241745007263,1.3345346915087166
-0.5092343563329148,-0.2773114242940133
-1.3163880017235987,-1.0390478783363877
1.3754015000224047,1.153346291888617
0.8922593164362129,0.3397677094606503
-0.19969496733383144,-0.351555242687568
0.7679624008156162,0.10470589622763182
1.198248846589788,-0.03528603755678439
0.9896625856484218,0.47695905256676374
-0.5256094670047212,0.3551318846733241
-0.5804173162004175,-0.15045151479425714
-0.8260695188439631,-0.6414428802325528
-0.18010639868307832,0.5090936535829944
-0.5168815156800584,-0.040859944734405074
0.2646023847008679,0.10065908986976882
-0.37973853392758655,-0.6979073140058647
-0.8078884907324712,0.3079771002649545
0.3493469454856718,0.5900640171571302
-1.4438541050577172,-0.7203228753624061
-0.36050805713218576,0.41778932925690504
0.6060224083488729,0.5316992140783432
-0.16325417331566527,0.2017568321350801
0.7128560908226217,0.8870717823177036
-0.567793683646078,-0.42867604413151034
-0.27369607378599925,-0.6290184753489982
0.31925649851426907,-0.11686995213558712
0.5257765248425311,0.5951439445172138
1.9183273713354079,0.9001445640392298
-2.2418376560398863,-1.2455048055776266
0.9135003757886886,0.29104535619152166
1.7950597489730085,1.4409583638633985
1.6912065447559763,1.8281984699818348
-0.10257129377393566,-0.559058465524667
-0.6577129038984609,-0.3832932625056907
-0.467191387060448,-0.06464317777554524
-0.6967432193069594,-0.22368490211510497
0.002860706803727173,-0.21453777655312242
-0.44012595286909495,-0.5394264158910551
2.0307469200282644,1.457127288445431
-1.2104069070237182,-1.3350947376446511
-0.6581719056675934,-0.5115738690610515
-0.7535132648372267,-0.23838466909178924
0.2660737842483214,0.6315350652518552
0.2820755189562852,-0.01765520945830129
-0.3860283052472706,-0.5106267540429769
-0.07152969555157118,0.6414344690113621
0.5558670591028458,0.3389948325550072
0.7125159520252274,0.824872762363722
-0.7089082561362964,-0.09130359717092723
0.3025605996792322,-0.37268985344017747
-0.7441844944647531,0.03922953948333141
-0.2861930826617345,-0.18692855677197795
-0.9230767385599744,-0.35357145812240776
0.9522503182010572,0.349123182398276
1.1604552990677393,0.8419884647305371
-0.032773541962344686,0.8951270809499696
-0.35938758929791537,-1.4671672079598852
-0.21976042396746528,0.3381425674412363
-1.9272445904146933,-1.4446576675715408
0.22560564707260314,0.7175969528620713
-0.3714316617953273,0.18698493088053364
0.9926711570256673,0.9850389199502908
-0.1965134795631575,0.24938566578301324
1.5344748080807358,1.3185645096500451
0.27784142664900496,0.2797937557953193
-0.04758494639645859,0.3125135973712236
0.22314066098265145,0.4286780516415589
-0.539861447260076,-0.24158961841922502
0.16464737467215984,0.4088440232800188
0.0009645098529675603,0.2932750860664124
-2.234065127888239,-0.5915823187321447
0.06688889137025009,-0.1175334034774481
0.7565207506515266,-0.30617391327850857
-0.2996865469106157,-0.39435309512926175
-0.5582567162903309,-0.530831605766543
0.2223333353675656,0.3334896493685233
1.0002205203787586,1.4652230923984613
-0.4488983907447662,0.04003690937060245
-0.6602614582469115,-0.7416484466077251
0.39873728716196266,0.6324216317850969
0.9940825473611212,0.6915954902218466
-0.2152391076207307,-0.15490132902559142
-0.6366265114986126,-1.297618728651596
-0.3184317790534055,0.06771147627059251
-0.28771042362332144,-0.2369236435925809
-1.3575501980448565,-1.1582991958975142
-0.46210714956709503,-0.8602743916629436
-1.392370959535736,-0.8194565466449718
1.4230240154073432,1.3215075636690081
0.9519363038684064,0.48620765395129234
-0.3461724547657223,-0.9070602954952958
0.8877204801467142,1.2013258985354571
0.4304320936267525,0.09307013054567467
0.5926793883919012,0.6960524740464462
0.04839457811350549,-0.03156022289971552
0.21938930884880375,0.16210331137852846
0.2679720295265667,0.5466530283804845
0.5422779910810012,0.553216400813891
0.6996295693950962,-0.14002022304295236
0.6861449440909179,0.2710756588938509
1.9037632686051378,1.1007103262954627
-1.1060112145236558,-1.1295537011350478
1.301711775305795,0.7418485824526149
0.7063415186771307,0.5495896000260987
0.8156425476491974,-0.4103984538802844
0.9988017621785419,0.7126903066322609
-0.09661470321508496,0.27004029414048114
0.7089362533425416,1.0009326579079014
0.6551912910544653,-0.5870234721497707
-0.1284441783159596,0.22398182689830057
-0.43708757681812144,-0.47975258116947805
-0.014578226674774479,-0.6174352174077973
-0.9715149611284499,-0.13562901930739812
-1.6340040956776698,-1.3243405623312905
0.510642786155963,0.5014682860595311
0.1930176909830614,0.3167431589393134
0.6166878789049677,0.44116838978045186
-1.1791901702264285,-1.6112865119422988
-1.0541845055634975,-0.7082997098780879
1.4912477491659368,0.6153299034983433
0.008905026828384052,0.001003789334757521
1.8658555648370934,-0.4920420929247049
-0.24370750566254729,0.28264995634357726
-1.1077003175219624,-1.5339717114347393
-0.57472339718729,-0.4355317221222736
-0.9424209838683657,-0.6363519268315403
1.367514527134667,0.7966837478691586
0.7221328371836317,0.6083133960215437
-1.3430604143562455,-1.1482792391482315
-0.14374216573966686,-0.11095309399356786
-0.7132607038591676,0.4816455831975842
-2.5261281444477803,-1.6883727826258539
-1.4323381890458828,-1.1486144888980125
0.5619309506482946,0.7163440235616833
-0.949250375158787,-1.1659321187468539
0.720659652661137,0.5947881697031063
-0.7610332824340814,-0.47025685410351975
0.47521323011075,-0.0018791206168745633
-1.4195106226833185,-1.2301744096323102
-0.18218331750372085,-0.32306028257070035
0.030934667139598707,0.2876087916319255
0.8031991705936558,1.4633968979667267
1.347319877181673,0.9062075378493577
-0.8264211223354891,-0.5956691781362411
-0.8072655429919997,-0.8071652651660319
1.5052079896883845,0.6194859978720473
0.15924084510554226,0.25663645085457754
-0.27386123696168196,-0.7515596775693117
-1.1082327952950968,-0.1293059475102155
0.5024464789841186,0.7880700825085618
-0.9442372599989558,-0.49241594313318016
-0.09353275260892087,-0.735071792453051
0.5788968419600264,0.030099058700847336
-0.08742948312166544,-0.6174598045799172
-0.6357261618634861,-0.08019594938654034
0.23917655458753861,0.7896445855861383
-0.9667161575603298,-0.36297187611770715
0.22991340330462812,-0.39755775465574994
-0.6868315962206554,0.48751980268981726
0.48454001560374343,0.1226306406707312
-0.05351712773896987,-0.39229167375861057
0.23298313612806354,1.0167779851050458
0.9361091268174371,0.290278337149723
-0.3561847878725918,0.0023063895298143233
-0.3632627048013157,-0.6930981371874338
-0.7686841141971396,-1.1784025167577856
0.5736080798541847,0.3489226488952896
1.954321615042502,1.5761458985883987
-1.1060665806946475,-0.9894773317513113
-0.8188828505913964,-0.05504252645668917
-0.3561771281301531,-0.7300003102920632
0.3751723396225793,0.7374372197195866
0.7172377315720289,0.8155277335168722
-0.11132757915485858,0.45754797805683994
1.2318001648355525,0.8686935866494242
-0.055272855613092184,-0.6120156801835958
-0.6100331991035581,-0.7470868531679689
0.2484083139688052,0.045839548963444346
-1.0013553919190201,-1.5131145507196428
-0.4763201247157788,0.09732705239665701
-2.1617973569238798,-1.3293738225660405
0.6289770261210862,-0.1362629339559554
0.40785778896734004,0.3031827927237937
0.2988856746374442,0.8432558140877313
0.8193157126006145,0.4709555884172575
0.07613552378031925,-0.6217341125946635
0.32263723828014557,0.492864060823627
-0.6018760938834903,-0.2752748285136501
0.0892351686267899,0.22494543510410847
0.3060074424222648,0.43018518100478476
-1.6696289345009803,-1.3496362920567406
0.00737032484827237,0.5161023459475933
1.3260510945406423,0.3137569984713597
0.8299411800007037,0.9054171142145258
0.8286150754030613,0.10722218015601154
1.4880001636532165,0.5267226242250413
0.0032190755405285647,0.5766009792444653
0.7171524905472584,0.604039924527618
0.9998908859083957,0.5702567670746164
0.256244171716571,0.05046572070718036
-0.22796398449968344,-0.5221582750803007
1.4810785838023952,0.7009516386142234
1.645666488277263,1.0153795458014527
0.6203695638456977,0.4984007085145496
0.756435502419559,-0.20482501932023556
0.5505448742951181,-0.07773202012929942
-0.8010114981002269,-1.19626663880955
-0.25603073252794245,0.6358405672651171
-0.1115286885858515,-0.35090517791207443
-0.5550019105838407,0.3707878595905676
0.4727221825146242,0.2401971196289008
-0.6217363032389179,-0.07519090227142616
-1.0044706886804242,-1.0790711577622252
0.38167193551322887,-0.5047424307768119
-0.11990404839431752,0.4821305381221511
-0.9074669813728787,-0.5276257345218803
-0.037507508623479666,0.18956461954296314
0.6468408980744458,0.7315886657896558
-0.33728843513986817,0.19876622093839597
-1.587130567263533,-0.7026206133773831
-1.181237127084479,-0.606804803338983
-1.0765951105824445,-0.45997659515213674
1.1920385102204063,0.3503449285939609
0.04640246482000127,-0.47595230257464444
-0.5212705809471123,0.4231926647634407
-0.4267215831681028,-0.9516385285650845
-0.14497352239540562,0.14359479661342406
0.11156299553427891,0.10664947704033635
0.8281651052751656,-0.08764372978104418
-0.7255281652523619,-1.558752544994714
-0.12035820817843373,0.19525377618111228
-1.1679515876356834,-0.9191401098089979
-0.7574803563514863,-0.274340656025447
1.8675348799867963,1.3911252152957312
0.38220782557857663,0.7590745851392828
-0.12272768322048679,0.1560885882229788
0.1535082101235887,0.5546859614802186
1.457883986559983,1.2734978266534565
0.9037526877106133,0.9696006799579614
1.1944484483483333,0.827339849009174
0.008920435779770208,0.0065951679372324105
0.1054001419971271,0.48224980401410633
-0.6315355425800094,-0.5824467003966202
0.07737237231926351,0.08129773897391696
-0.720844586928083,-1.0867374567665231
0.5182322609440336,1.219009727823685
0.9982263207019726,0.11813712851017316
-0.4303543032162984,0.14253789327047472
-0.0005958532863328955,-0.386850690156828
1.3615399970575413,1.5790511642252079
1.1844547903023426,1.3815808260925877
-0.3684902180848461,-0.7391691465919203
-0.8770563105500665,-0.7493099259498179
-0.6540606296512209,0.4210483420781372
-0.28908677549124373,-0.453466509180671
-1.2969304820400753,-0.24189795754984023
-0.2745263337257786,-0.3391752050358932
-1.127322651494811,0.15091215942792313
1.6638568990409233,-0.0963352416081481
2.1922007581642036,1.6980737037619582
0.4048390903017128,0.3918711414562358
-0.13418807027064517,-0.235817315528351
-1.3557834590852424,-0.811352995720916
-1.0733769337347485,-1.4352449085018766
-0.39124895137631005,-0.2174206349110772
-0.4232940586352657,0.0949785911940162
-0.40515632231072773,-0.3252216221232944
-0.47177385024989,0.061103858092272034
0.7998840443076626,0.5599887887630599
0.2764357969229973,0.19359130492999574
-0.1701058596817825,0.016531683989861504
0.3642922849929679,1.0343123186329186
0.46867890615906893,1.0467673108381126
-1.6041759926538404,-1.3186522953043591
-1.1505486907013014,-0.6499575302577901
0.46417824964182336,-0.20131388126914185
0.45363824486072185,0.39157040698112355
-0.4819965569174456,-1.1272906282864783
1.064502433974555,0.6055865310670212
-0.057220183742757634,0.566518723838425
-2.1006080904775586,-1.4287958006214112
-0.20453962414407068,-0.24366712780548416
0.3182466477639928,0.20508469269774915
1.4511410698291856,0.30397274523466633
0.32689188168806194,0.6903057394045001
-0.13697601083608174,0.022769856464981586
-0.4938933789557819,-0.014947144433436976
-0.4261520114309859,-0.7752795476417558
-0.06910165788018484,0.6842417291197291
-0.7095310609341261,-0.12222908110333064
-1.9369048332884353,-1.0257657360353876
1.543741325635493,1.0773357743985228
-0.6832318821204862,-0.574460990275194
-1.6284368252634542,-1.3289310580050888
-2.1532569984120893,-0.8686583982137108
0.8172981446742971,0.8851773362737705
-1.0121895122155729,-0.887799261652136
0.19132834173756158,-0.6990277648531613
-0.6304470191527962,-0.270237732392931
-0.8154234248396905,-0.7519133006684662
0.7019701252480458,0.40258138140457234
0.802785029387119,0.0229311095630228
2.475801789643818,1.9768004149501293
0.6405398084538412,0.1884419762734844
0.62986175126998,0.8314254369467067
0.06542050720810069,-0.2935675884043087
0.42653745313082325,-0.007143536239701265
1.160824213036399,0.1835963289450171
-1.8070878513442175,-0.999197821693005
0.3812263095981456,0.6098451698741494
-1.2769922533184745,-1.0526389422676312
-0.17695704656216318,-0.14514565337791868
-0.3453858339872185,-0.1232296287754461
1.0571841490488454,0.9656066095958598
0.030891453834992786,-0.7164694087926058
-0.3205129621501031,-0.6313744897254804
1.521536011878757,1.065961205333645
0.5631627690543778,-0.12403596894500019
-0.14755951316546606,-0.11572164665679618
-1.762830489569199,-0.37170664810544585
-1.37896712401271,-1.0115530200586136
-0.31095137281228774,-0.17326463479305104
-1.8271088464247112,-0.9392802967111469
-0.13400680042225757,-0.14979267708252042
0.8489660702386599,-0.5721915401176999
-1.5235796081289674,-0.22625565864974873
0.6790368601152342,-0.156873370710013
1.2256569940482256,0.23398419247596913
-1.2425161686992396,-0.8108549142464773
0.10704354771803036,0.5793628512372156
-0.4402246429867279,-0.6351372708763601
0.9449324264738659,1.2429251341264238
0.5309960869672959,0.2941868786380853
0.7379694690043762,0.3632171423123067
0.19033671296946225,-0.002982850709954313
0.30063236161458523,0.15461660797748572
-0.19445483705927605,-0.9473251194575786
-0.7559285136269249,-0.03931503408240322
-0.0236930324417488,0.49013962104173153
0.4076425777904272,0.011340080961263821
-2.012522643437787,-1.3771735787683235
1.4129517001630214,0.4205470805749771
-0.07681652591316818,0.30998476090927746
-0.6288947834508198,-0.6579954785647952
-0.22695342266333,-0.8430997498721333
-0.5624794697958851,-1.4568775045752291
0.8574686176882269,-0.1384148088976217
-1.6529848088355015,-0.6796874057012552
1.067734221633801,0.8040834399219435
-0.7070327882552426,-0.4682690476048432
0.6955077711713342,0.2231593149279677
-0.08782061092575644,0.017280811056079308
-0.8680556049635395,-0.6614557118327373
0.6929736382860059,0.4061922307748116
0.09030958893478952,0.026279470921459176
1.6015459366451985,1.375163849507639
0.27261203257422706,-0.1229151914927839
-0.36149336722685305,0.2776603996841779
1.8142166292859327,0.9277823565389381
-0.1635155691912486,-0.4194015647983248
-0.3726822525232586,-0.48389779221071105
-0.5692677600837112,-0.40048615779401336
-0.31082189522471343,-0.21278329513116784
1.239951060938662,0.827751910861407
0.35118746133875234,0.4488549908899246
0.2418946202084532,0.002876767286073806
-1.426027888356129,-1.0746263365527755
-0.5856890409883782,-0.35692724200656545
0.08029397439721872,0.6332313994361752
0.20443410086280328,0.2806048817905351
1.011736809628963,0.8342960579425311
-0.4757212213349801,-0.7647122445085772
-0.22804414079064284,0.22641025527837402
-0.7918428699880492,0.05701135009883984
0.2308763053257133,0.5874653222205586
0.09887285197582407,-0.20232390106066223
-0.5349743982072268,-0.967607113489658
0.5958006327370539,0.5424874195368317
-1.0867135934736765,0.3115411822010882
0.030017021872119683,-0.3148677968740108
1.3729038861774303,0.4479407146944535
-0.03400938675658802,-0.6762330141253681
-1.0724946849102859,-0.8659198464474697
1.4545081106130195,0.17748905416500937
-0.18312194274770205,-0.6059388487867026
1.6375445199553593,1.1198939747845875
0.41215293320338325,0.7231214877578247
0.5876376815106147,-0.18182732625787873
0.48778455917461716,0.05430335916073717
-2.6252050051719142,-1.3829919966496467
-0.32347039545159223,0.04228353526895967
-0.19924968799280451,0.1888193031929432
1.2580933479342122,1.253549358396698
-0.021134557685944716,-0.7142760125468616
0.689994659724748,0.6861126925091745
-1.3800174105976484,-0.8670302785779156
-0.3364681352506146,-0.06621820243457696
0.06973978570863965,-0.37830896469462905
1.412470613472656,0.8968312591933688
0.0025655664231747925,-0.9021921681200505
0.7229045302589869,1.0373775983810654
-1.90954617305846,-0.3083025315748452
0.7827902511631196,0.25768161748475704
1.0831295345049514,0.9431407089360996
0.21637193625783843,-0.0924492802317052
0.30013777397652397,0.5302642426111249
-0.35078607425898356,0.1335203748683772
-1.0416451874660209,-0.6660044975231425
-0.3909587497674989,-0.07010776068347829
1.3073195951016363,0.8730931245609554
2.2478249529980494,1.9937249609164878
0.5538043580185158,0.5707106554812392
0.3487742228177984,-0.038149813162565105
-1.136663771639025,-0.8929833937433361
-1.2201920975758003,-1.6895800298236732
-0.32361861132744696,-0.27912383170293703
0.6783355228313968,0.1979244447879112
-1.3654436920488302,-1.2341872703557621
-1.1897751863476302,-1.0301375436013833
-1.0801338826059794,-0.31862181276843105
-0.1282390895480066,0.3827665793576493
1.066448938332468,0.7069834295732534
0.7205516300823289,0.1766086519241593
-1.803471107725793,-0.25613567891793776
-1.0189978604279142,-0.06203335264236831
0.7267673601062494,0.22862152075209508
0.6174015411773284,-0.25140887663092104
-1.2359596804036808,-0.5415768578837024
-0.6841519923549256,-0.5508434662207053
0.6198685499470948,1.1531319893207241
0.8597795647774692,0.6475863341258276
0.47758391028219604,0.1769841731585005
1.2287483298408655,0.33191742708100047
0.12983655561907806,-0.1322507914402266
-0.23463851723853174,0.6872169403774173
0.0273926054680066,-0.11648238399861739
-1.1108809065287102,-1.203200002434094
0.38547114653662706,-0.11509624382925207
-0.385074350932455,-0.2758125297298219
0.5829012727288596,0.17866531341630953
-0.8310143594251065,-0.9190189052707578
0.13184991541962612,-0.11538050410843545
-0.5874251263317216,-0.26907272886115396
-0.4768702433142042,0.22821060294327722
-0.16375716816203356,-0.5067260616077263
0.15996660218203113,0.005172735180629148
-1.2061001152303177,-1.308312580043392
-1.7724021815500228,-1.3301115347235457
0.6305510252039084,0.09935093680663376
-1.9693157062257742,-0.7788084280537768
0.37812528117399624,0.48273785622347054
-1.1249427534718608,-1.2408556685381722
1.7307280115797237,1.6066706369382193
-0.868059573408028,-0.39346064307353595
-0.04590897636019731,0.4021256530019334
0.29601469346188697,-0.3131745037850282
-1.5688817382050813,-0.27256583127035683
-0.7991569776723874,-0.28889907517514296
0.580881993201126,0.7357246778354702
-1.152095193876988,-0.4833912815886037
-0.09664775694210759,-0.2556988319511577
1.495031540607996,-0.17456511636305005
-1.8472750496169708,-0.6028956706708339
-0.35746326510395016,-0.48711084100146984
1.208138565517115,0.5762618837658302
-1.0697364776732716,-0.9228441311430142
-0.8968669889903069,0.03488602326545864
0.5300279244585506,0.3542117800022195
0.2844607623717875,0.50286136627706
0.3875306420751765,0.30081617471763566
0.3320148410385525,0.5548838131677368
2.214499592933188,0.8028836999639971
0.9820972727585832,0.8355996674324779
1.3769254782677094,0.32543332237964506
-0.11214533292729256,-0.7282091245821851
1.0576849596608242,0.6258719469145836
-0.6104247488396496,-1.0783655981223932
-0.9573829503553173,-0.31635652015406973
0.9674442003467848,1.3957752955024532
-1.184617434568252,-0.30160691162318104
1.087760844286954,0.5395704229068037
1.2277238911239896,0.86338596910258
-2.5400134168300004,-1.4526275225024337
0.16695495245992295,0.27900049515170117
0.9638761605111882,0.9292192650749228
0.07370445245109485,-0.19636351334584673
0.08886654171142096,-0.2679917862548871
0.13914930765620653,-0.21153570268920863
0.9416498671090615,1.1368425693236066
0.617726221498461,0.7610553882698278
0.27436418274232033,0.22284942992876947
1.2073932531440823,0.6115585519679968
1.0972685208784976,0.7380543387844751
0.9789785442519846,0.48583370680936067
-0.6266885394426377,-0.9077786317204123
-0.10876775385643846,0.3663634580892239
1.573877688591536,1.3295048400830012
0.728334768626961,0.5315250316619718
-0.004666118121346089,0.0879702418426233
0.26255356629219057,0.23012906619107798
-0.1799398886337779,-0.19155893299584342
-1.6643640984449897,-1.0838563486194421
1.05775736014808,1.0073257722078286
0.25444028799043766,0.984978393497494
-1.0543496652450617,-0.8226277856092871
0.7923902228296024,0.38542952246774337
1.4683008273850653,0.6977589966947302
-0.09841127487253747,-0.07128004286629185
-0.895286174968295,-0.4257944353511102
-0.1601391724459438,0.45133238670786885
0.16343244964080572,0.4577286982237027
0.2081244475286373,0.5814708598624765
1.3504362888124026,0.7402413098811476
1.5352894651857367,0.8755919560163663
0.5435781084491271,0.28568960715109776
0.4968867222716963,-0.15268925764454938
-0.8424668411461896,-0.32624119735011303
-0.852046577415323,-0.636232499122153
-0.22615290010714556,0.26855541719877263
-1.3081939359479058,-0.5913000411176057
-1.4472124502204073,-0.6525973176883584
-0.22133269840068656,0.1818723566258516
0.20436267684291237,0.053654780789253786
1.2736693610559926,0.0638141478449229
-0.6781552593264916,-0.45962609320279485
-2.3839218313545616,-0.6907881295537031
-0.03265007961159228,0.7338624376919074
-0.7531098675039949,0.2324545545835347
1.0318436091044287,0.8986924057182752
1.3356841557540464,0.6272423197873036
-0.10142231742213773,-0.1584745779733371
0.29852028728423713,0.6329287755869601
1.461963449579529,1.0117189308709533
0.14281450568704718,0.4643753056920252
-1.4094761283130763,-0.876691757598021
-0.0871999615673583,-0.17524865164897444
0.8333127165980916,0.06095207919579343
-1.4170911681603167,-0.9850855615841458
-1.4272061766928807,-0.4922787616275119
-0.17130136621461597,-0.26830445737111397
0.5218083854646439,0.4693502888523463
-0.40967668697347753,-0.4335955548594335
0.17818326017034256,-0.5538742991764535
-0.6481165995024052,-0.04107159770337865
0.1666463944348851,0.499154228676408
-0.8711289540878263,-0.21789801560181493
0.16709865055775985,0.32349107093107976
-1.2162958707801286,-0.17468057646986201
-1.1810488905340442,-0.5023197763938111
-0.45397007138851897,-0.5473392326648496
1.6511121059442078,0.8596197223524042
-0.5366215709759631,-0.06559193506713684
0.8825518299664376,1.3985209403904957
1.047397749858369,1.412640388701075
-1.2561431655684956,-0.8125388902208482
0.8019642464589771,0.22765101929510367
-0.8123322762781897,0.012851663923857837
0.7055614493467521,-0.219220039150278
0.09575075434609935,0.9806550060384551
-0.3915140868802788,0.30370524698626156
0.40092773688570055,0.6189409906047465
-1.0879030959086509,-0.7812161879860273
-2.0704907450343946,-1.0002358204727442
-2.1343530804018713,-1.5162119337614623
-0.24891510729600994,0.06514464236543863
0.26024945954105383,-0.17695755164570576
-0.133062727944759,-0.288472649130707
-0.09528985287661092,-0.20935594421064807
1.2407307117370883,0.8129549059325709
-1.213778455134258,-0.38912152808724343
0.002987487280754042,-0.0737384531647021
-2.2585215942527586,-0.7753467139393811
-0.28582498745794266,0.6458447811204048
0.94858028813552,1.4918534186077643
-0.7147701304529435,-0.7762608286235069
0.9325061829478588,0.809578106096736
0.7855711244910152,0.6836976543928157
0.7819640827577272,0.32993042422527663
1.701757104838579,1.053021838432025
0.06999429489847658,0.19929465321855355
-0.6423828184900098,0.2592966794291362
0.06121094012693986,0.043482958576089796
0.36156585544409514,0.815423010722002
-0.23745975264478478,-0.40452643694756657
0.17193086284680195,0.5560051103201227
0.5710226613014007,1.1417640580837731
1.7072186796960904,1.413106789983333
0.5032015187896213,0.19837962699137018
1.9791812273930802,0.7623220399562246
0.39107594389678746,0.05276862801010976
1.245231753264381,0.6293749024522006
0.8177214447290391,-0.003294949158990146
-1.8997953845969853,-1.1007063006194173
-0.4148686884447274,-0.5203142282483888
0.10737332639280008,0.5109012160095441
-0.4081866127008109,-0.24166292823350416
-0.3564247738810563,-0.30393645296749494
-0.5346431471273559,0.061906675472348016
0.5461318837004139,0.5334979224264857
-0.5757184883853176,-0.18278934930902124
0.009161123225326024,-0.44730746570321256
-1.8133636169894154,-1.3687837166669334
-0.9950969480739419,-0.963806629404476
-0.011795068455262762,0.05830113028448384
0.9157130846467724,-0.05772233688747341
0.842325264916987,0.8529979183627125
0.39378174732968324,0.2878763097516208
0.8512058540246051,0.21019148893474088
1.6910885686475665,0.9358762460956331
0.8616018419959646,0.18835378768047473
0.3860497910990889,-0.25326952103164746
1.6810240081612382,0.6869860456775454
1.5522745014177592,0.7470635060501621
-0.8593186298551508,-0.46586274990097354
-0.5567679584506879,-0.6041173413405774
0.322132910678032,0.8617975572361403
1.9190534597477509,1.6344248276591036
-1.9273770371787504,-0.4934304180323358
2.004101500468473,0.799718008037633
-0.5841448788047692,0.26092625686015863
-1.4518836026466444,-1.6141837581230043
-0.7331656709119392,-1.1544219438051573
-0.5270708652560206,-0.36173240772422816
2.7555641965663895,1.8184837220236565
0.8192396037605058,0.7093034905854416
-0.6490233506577785,-0.5857779245494162
-0.7591435139230155,-1.146504870315354
-0.490863836705343,0.40052657817367104
1.0180538898106775,0.7593216547730385
1.300573084984679,1.1850918909565378
0.597039470657834,-0.19204440478792534
-0.2125370155411374,0.013979122487828788
-0.9456110656002927,-0.017705122246403415
0.6087803947451943,-0.11047742041251607
1.8428646300820695,1.5364227343331285
-1.3858723598740705,-0.9233818657971744
-0.8539048625696072,-0.911322984989044
1.7960613347015444,1.1977843622547766
-1.7623592206600909,-1.5163708427802023
1.3053979038687225,1.5426998873907054
0.3396081542379338,0.7642193892054963
1.7111857390604701,1.5199099346199987
1.1162454589013937,0.9021256445541845
-0.36761258507868516,-0.2746775731915669
-0.1693276544110646,-0.6299804503179429
-0.09124822918310681,1.1473051281163609
0.004858832518124204,0.1356302881798445
-1.1573514342273443,-0.5092517751507297
0.49704729646416596,-0.15362381669052672
0.16130429354937517,-0.38209985894980947
-0.491083407458949,-1.016591536985834
0.21195688860715042,-0.13843551159354953
0.1421764356224638,0.20661079805070537
-0.3731573155095087,0.4592348067262712
-0.8916081296452018,-0.4667183236498168
-1.733514690246549,-0.7012403551245718
1.091972007131986,0.2224757631849293
0.5660414038489627,-0.07383620726562395
0.5833693746941653,1.3364854216859627
0.5317020726069875,0.8763229391075782
-0.38807525725991543,-0.25654373164801175
-2.1085679011403187,-0.9925524871494661
0.16420002518095456,0.1671456029597685
-0.400087109336448,-0.01053069335250656
0.04217669576086766,0.5650165278794298
0.14035560442863595,0.26734997116986575
-0.2848720737827654,-0.19773583665728925
-0.3594338859697517,-1.0431053770382817
0.056268070193753954,-0.4053850456165847
-0.2678506033933961,0.2819676336939863
-1.0486437292076067,-0.3232549342663572
0.37178767348302133,0.20020556207604726
-1.1011153397765716,-0.9053390253351544
0.9537261814292505,0.4758142743031519
-1.1168899078265675,-0.25803976767912873
-0.43340015484170646,-0.48454000763264204
0.8133818093328108,0.08052699821458009
0.7262956191859777,0.4203520212913523
-0.10430365569409039,0.8894093835450226
0.5172932204520885,0.08162771112953757
-0.658126644113408,-0.16373107593522102
-0.5285821023023537,-0.24574964728497828
-0.6218850193660247,-0.18606313109613123
-1.177952597947232,-1.550577229732292
-0.7742362506654372,-0.2347569875253603
-0.5974156053748735,-0.4430986955765522
-0.6364095105839417,-0.2028234871596267
1.4375056747505204,0.2925345473793509
0.44770458407310243,0.4714178121949818
-0.12492438971300435,-0.5848039060905483
1.150374916492793,0.537961522335301
0.09209706434802113,-0.12102670185970008
-2.679270770257978,-0.8368568471526174
0.13261353687706118,0.5101614478401002
0.591242390486206,0.17069447794473722
-0.7110636270101003,-0.2336255943258464
-0.24360057556556913,0.3684091056369723
-1.81015142370774,-0.3938577020862354
0.17484528855987178,-0.43933422013869555
-1.4889857246679326,-1.428743111501679
-0.33201890980446924,0.02876669611002
0.7397541148012378,1.357484239531023
1.6058413353715741,0.7782246763432499
0.5645013087698655,0.24426110276781143
1.852677458459087,0.9091661915918445
0.07090278173329322,0.3899120210370217
-2.467668950081288,-1.1817924423823334
-0.8725193926904807,-0.18991582405431634
3.523775051715775,3.003418252398569
0.19265660604589524,-0.18260175052685734
0.17307871314878692,0.04133310800355522
0.6315221622623601,0.4653997524498641
0.3769603568826635,1.3369110493228007
-0.01394221279995924,-0.2483882110792906
0.7631032348313078,0.7469610269116584
1.2133430349062622,1.222410401965076
-0.06920405657348067,-0.07864589293697763
-0.7591394350029208,0.29027171666210266
-0.619856729600293,-0.6796863050937069
-0.38592171077754117,0.031018235697883256
0.4546909635163374,-0.8139557140562799
0.29427264043953405,0.07421740533308438
0.720516238936762,0.857191376731397
-0.9058433438541778,-0.34894960942442577
-0.5084321099752667,-0.37155284009988415
0.2715564853413345,-0.03849879855528707
-0.9690920075639486,-0.1708647203892079
2.0726810051675475,1.5851960550363018
1.3841169850926578,0.7746320576610121
-0.011343450604851006,-0.18708798618026348
1.066106504235852,0.9334036450674692
-0.5563773066202184,-0.3599471639846356
0.29663583322125586,0.0957462109917517
1.8446972906957924,0.72149545783652
-0.5308545034939147,-0.3757250966932612
-0.7592305983914382,-0.8387546129606491
-0.48380227890873695,-0.11999322383781114
1.3891785038219298,1.3322388701421222
2.7150937093369087,1.5030578056609534
-1.9657840281218875,-1.3863536082911112
-1.2858522766630385,-0.34650593329566953
-0.5052306979529512,-0.6188670582920603
-0.00523283631477113,-0.29926269066648525
0.19193986006230834,0.16106312697308486
0.06256737410635746,0.04274525709135292
0.018291704526747953,0.39416290134221604
-0.654502113925452,0.2376456959123071
0.5715767147473031,0.8071254135355717
0.029603971524459118,0.5622029195363194
0.515806272217157,1.090673407625982
-1.2800538307396518,-0.2851721016031352
1.7635227604834878,0.8858670357126083
-0.17454842176505958,-0.845280551855382
-0.9162670884704099,-0.7506536276699274
-1.4257145510215243,-1.109158985581002
-0.24985653739961017,0.19802264447407358
-1.2413366563354622,-0.7642158153659161
-0.4385914519372045,-0.202667323541069
-0.12482859260074235,0.3486390677734357
-0.07263460992985563,0.6797725967293534
0.19225351210589428,-0.6682798185651031
0.696953099870849,0.2079116696980822
-0.2131225424183313,0.5971167026384865
-1.090377194144827,-0.6318936509036597
0.2865708146815033,-0.037830048962868845
-1.7375375643972413,-1.8843321909836286
-1.1022066039147127,-0.46088928220808706
1.0516742104165395,0.8082159641549427
0.45510616264035636,0.6773639982280072
0.776022185194232,1.1394833566305356
-0.3105534033761239,-1.2034933499027831
1.5462145234465634,1.8263089897513352
-0.2913364818737447,-0.1276591045820469
1.6024756436342267,1.5457341841639334
0.8772731006768945,0.44139407106526546
0.00708372602497701,0.6360667506070886
0.07463822202039298,0.7285138903592759
-1.2655871447324412,-0.25820286036784534
0.6548095591455984,0.07349317698248164
0.30427565898966774,0.001795316504191069
0.019317866279112642,-0.3360270092486284
0.05017669326002779,0.04912768038104557
0.25254736303319963,0.3598288975050685
-1.3660103169349034,-0.8037555947269761
-0.1362629378197737,-0.3057096038080913
-0.012289549822527,-0.5183204674371907
1.2796905888270422,0.5588089350689329
-1.9326170548561556,-0.6059076177123842
-0.23102193553748707,-0.5400482182701061
0.013449414906057758,-0.9792269977465207
0.9743997675976657,0.15914227381700047
-0.6483026172640315,0.30254730228433796
0.5207666445202074,0.982367431114711
0.11824411601117826,0.8084698126667905
0.5622334240930623,0.8434275315617016
0.2896681869591933,-0.3996618482120692
0.15231027709328132,-0.06632334419954092
1.3672614846077806,0.7715160140046996
2.121136931895835,0.8969474335709453
0.32104580721736753,0.19376216528093496
1.4832850860024256,0.9575280173825893
0.6414280565444445,0.32113371695847137
0.5790318047348444,0.17923436206289103
-1.039973450276807,-0.3926088348822695
-1.075326015616926,-0.2146141419164031
-1.0195047183270096,-0.5265174277066261
-1.7198077316273912,-1.3422853821609972
1.5295361507710508,1.3032420623641774
-0.3716985478113621,-0.5372797428596633
0.6647043260086511,0.47886616486757594
0.8568257073450909,0.8294659652953549
0.532860014131614,0.01779609588917297
-1.7520643124210387,-2.264739445750532
0.07164358103428006,-0.6613498052138252
0.8579678442560058,0.3958223979487142
-1.2124446837644829,-1.2507185112270505
-0.10223658816774958,-0.08683487424460931
-0.012972519476344242,0.20295506024095458
0.0058055833426337,0.14980414028609837
1.8612455960466132,1.3757387381128239
0.20038739086778182,0.02101979903042797
-0.9172744793752418,-0.6429231540690757
0.8552093774752725,0.7101106315342498
0.80765809648371,0.24375745183976716
0.46970310495445766,0.15279212861488564
-0.8790290425262188,0.44922177712522227
1.0446402651886908,1.0864161711124476
-0.5300615173063267,0.02152482165560926
-1.844505193728164,-1.674052134331676
0.1200979852404087,-0.07189582324042285
-0.06454973715478073,-0.37317223492366336
0.004173216978524628,0.32073140061149735
-0.2465483382932708,-0.26243571672382326
-0.6513933781650066,-0.335697892144629
0.30814983215839264,0.18677726852954937
-0.7373880975179115,-0.960189731335727
0.7969744776131479,1.1320529692556702
-0.9747235121028713,-0.4660907778577501
-1.499807797883257,-1.3521080019246088
-0.24560886204065274,-1.2707805940117196
0.7427076363211559,0.6883082314014192
-0.4192754434629905,-0.4924521517659025
0.1772638043817546,-0.16973724713610402
0.2689582200410074,0.978155278851178
0.1292538592651039,-0.6253397809416837
0.7123226127573822,0.47047949899104063
0.40336191416155065,0.046316411630501236
-0.9151861314903766,-1.326938975028387
0.24316992729174494,0.13091829890354667
1.4546980312204383,0.7564297130233938
1.587405633417217,1.3562159137421108
-1.4067065085130641,-0.5123098540147099
-1.2907018921571143,-1.0248982340893813
-0.3854644076808988,0.13014972212916176
-0.8429213868840284,-0.6093843995031422
-0.9626152013445892,-1.0232959532405834
-0.544676873230066,-0.28833133938968797
0.3304288782210866,-0.04325340136994518
-0.4109059244198982,-0.6476545788984029
0.5151864458795865,0.34235812266396387
-1.381425349903382,-0.7430305139335329
-1.8738320925633796,-1.5433168705587699
-0.4621931353706451,0.12930139262633017
1.1980271740994424,0.8574210999916128
1.0559894075110392,0.21298846231618207
-0.9451788977372202,-0.035105909168768545
1.1085420679840956,0.44073451295909327
0.7344554447737973,0.15270919271277755
0.7869338770751573,1.2876617909960113
-0.5941151507100275,-0.25654168737088545
-0.299919431022334,0.010152527100366404
-1.1872446892598207,-0.41721273553495214
-0.015104554528578446,0.9264970155234982
0.5175516574857115,1.3906071579859824
-0.13178624951266502,0.40979585239922306
-0.0977995640803184,-0.21534600842917773
0.2750966430541892,0.20960791845817484
-0.35329417103305005,-0.5055826430543496
-0.2747204310241377,-0.19662511808552693
-0.8165657777767874,-0.3368628500388461
0.15684468219031378,0.19393061104364895
0.6672276822155554,-0.35446546542611246
-1.679368761481859,-1.1222082858283924
0.7903340794013615,0.02245007142593991
-0.45784863953056204,0.04261321176833549
-0.785319947597781,-0.6263467440823804
3.6697030745207964,2.9132207776916577
0.6246674672585162,0.2210205375569685
0.8785683518068486,0.612463796628098
-1.4115910290151605,-0.6606941832737722
1.9562279477505158,0.4546964782422459
1.880658441676964,0.3294831991344084
-0.06789997074032768,-0.2125588132317178
-2.34469205320013,-1.1497290053742508
1.2773884446006234,0.8931165747766427
-0.04029048164156809,-0.32609139466273734
0.929926949268283,-0.25211570776268755
0.7654028069604315,0.2209298395389506
-0.13151861159485503,0.306169346220652
-0.9670939604693833,-0.008927389188205015
1.8213952533102362,0.7218897990069844
0.5861861947292862,0.8385721475792187
-1.8738471678102522,-1.244820436410724
-0.46307893024648844,-0.551374964809296
1.0430647547047,1.4994041234169482
-0.6999145963094483,-1.3185366381903791
0.8731399991552558,1.2313654870306774
-1.0829271112208678,-0.43367304663306105
-0.5152604848678795,-0.437303871537238
1.7918587426433157,0.37707300635868646
-1.6143704679417066,-1.0735093527104382
0.9417658877468947,0.48748211432692623
-1.414765802014077,-0.36639803294005985
0.9734683518227112,0.18613250415469568
0.8980071883609491,1.3016838741413856
1.704088792623677,1.5006009719378914
1.7792310951329955,1.0734928811679896
0.7598890727848698,0.9328683807172939
1.5674369787317337,0.8038754944361133
0.4340334334111939,0.726537539630556
1.727452424817319,1.4399934766264748
-0.4669282838796152,-0.5110707797055698
0.9798674289639483,-0.057288558220783936
2.900712640207091,1.6119060826807832
0.35849773401077306,-0.17805959880940894
0.1589547184151898,0.17613041622005918
-0.21404229491867557,-0.5184679068431122
-0.5972474432158864,-0.07579984653831046
0.5983215160829122,0.21931699936924512
0.17965449965178165,0.48043470452652826
1.0545639909515057,0.18241688765759617
1.6308265398408943,0.8991121268919069
2.3783593524410973,1.4484552842625167
0.9788338481366253,-0.08469586585624522
-1.7377997736970405,-0.7243278896858096
0.8144279894129753,0.7578544670408706
-0.5818105146362802,-0.35021232672166236
-0.8002284056483434,-0.724466834269098
-1.195601639838647,-1.1143860445977678
-0.1510963137118963,0.5849118809530495
0.9133678435831063,0.7790500080850387
0.4140295638307535,0.0004634555331573531
-0.5860870805678072,0.46108761065652104
-0.7602068420406392,-0.5106348442017863
-1.3134646483747514,-0.6690609173218627
0.4559965852067377,0.2537927259455846
0.1417477163599501,1.1290401546379305
-1.5148938762924982,-1.129306048686245
0.9256427565808548,1.5517954031093943
-0.9962222091717415,-0.221878216924648
0.09570908353995322,-0.1544728651549499
-1.253214724851193,-1.4782040127994511
-0.20636971016912461,0.368423196509027
-1.274288572146845,-0.4764455839952049
-1.0971812176264304,-0.5165241982061886
-0.8551049815473178,-0.6292763297733875
-1.2353399086405024,-0.5363237671733085
-0.14624818312134868,-0.4644103018358035
-0.23589566384928357,0.24154436184199118
0.13120099062034843,-0.031145536036690014
1.3392236281755576,0.46498253266956
-0.9577736324539972,-0.6368279185750418
-0.6206950821673719,0.02927015106583475
-0.40205586040754504,-0.5226917293898413
-0.13277370914468023,0.3591916981055846
-0.11197806702132972,0.7379432707526757
1.066858606177748,0.8346326568008473
-0.98319276510871,-0.9185102407699752
1.0877833525545195,1.0122123714104025
0.8741891816356407,0.5321065431929978
0.3801172145687254,0.18054574382559363
1.7381445513216485,1.4973521635835152
0.7029040845332909,0.7046582315288858
-0.8266431015117123,-0.5129224525372195
-0.1820817346466207,0.400016715587076
-2.255747099448871,-1.4725114496433276
-0.31666156865946987,-0.2716750163705245
1.4959926591821413,0.7754125967793416
0.874212417195763,-0.09173095432613243
1.7801286446544757,0.629009045995591
0.9857352390027275,0.7191491390035254
0.8520475110849578,1.2850192274607606
-0.7082617534984328,-0.8630339739591525
-0.9421588895857226,-0.6354119412042654
-0.8045127697744571,-1.3129904285979652
-0.817554462333588,-0.29712087594018466
0.011131953843700075,0.25198556008555245
-0.927191451697194,-1.4941841121500918
-0.28910102385002406,-0.24173618777821854
-0.8389541402832263,-1.153482627798137
2.3555165013243373,1.6477195986339237
1.0681531441108674,0.6840506967043236
0.3398423070842545,-0.4543032333195939
-2.584285726556565,-1.3908451720801278
-0.38579628351575135,0.6146396120622103
1.2259221163558842,1.609822815923717
-0.8014283854464238,-0.30445725821978886
-1.5590746235183786,-0.007920920900090778
-1.2381339596299787,0.40283271286037803
1.5445997118498975,1.490922697185273
-0.31799222572919233,-0.19611529040288148
0.2564507417805391,-0.5245514758347859
-0.28552959122473837,-0.4024744462701191
0.6592544379215836,0.6976130817944509
-1.1020247866521429,-0.20996032993366537
-1.3189287252950532,-0.030473674235488968
-0.024284138705581,-0.6096557855988386
0.6886246360361508,0.10396845381338282
0.0015823173313073639,-0.4688580637045259
-0.8592596388564355,-1.8547581387236483
-0.14159973701380285,-0.1640306182383059
0.3632771768463695,0.43221096252861047
0.4584413342500031,1.1398557948561856
-0.7958336638480867,-0.1496465581996793
1.5812360766623768,1.618097745946621
-1.4871403666674645,-0.5271374385735734
0.48468072248419874,1.2318608311240886
-0.09171104925799468,0.09597509485678327
-0.23091590251057437,-0.13554022025791543
-0.14306923502693972,0.020289879918267806
-0.12469002931893801,-0.6673041106769007
0.23996326032643325,0.1989073619317197
0.6928255890338925,0.4440604406362549
-0.027194376499688498,0.3806008574919248
0.6920893130349061,0.1265117289887876
1.6961461513645382,0.5678962101129663
0.21322074319914794,0.42173295437502273
-1.9658849746045546,-1.2383089559293439
0.18805445575336938,-0.3761669652908286
-0.6119925165489881,-0.45261272325225455
0.6677253659572099,0.20353479148783432
1.3685462498563898,0.6027987059233133
-0.6288665332202732,-0.37139353762295996
0.7119365889490156,0.5059260348440825
-0.8506993627610632,-0.8479947761755047
0.17047467598837776,-0.7959128662599079
1.347206604701755,1.7288532990736
0.6709361051749959,0.22815887849969585
-0.2529792935016066,0.3322490409736572
-2.5736343110265256,-2.5825706845905327
0.23964473465924072,0.047847965779404325
0.2520001244498341,0.18765661085449994
0.4724059278720406,0.2841196402022299
-0.4611595718734206,0.3799419451035731
0.6984406144480763,1.0436861502572918
0.38336734902817715,0.4882612857318988
-0.5520277752717982,-0.5134629173509248
1.1383227487131675,1.1724393238244246
0.2501895471873199,0.19539133122361352
2.0508080763709073,1.0321106186693632
0.6849085229485765,1.164567433114263
-1.220626937390883,-0.34594470199670413
-0.9259953675913078,-0.8292946468081634
0.9735824503741646,0.9836755529660746
1.8770902854207783,1.410179741064717
-0.6295090445178348,-0.591340246076738
-0.6576439549362014,-0.18387836437529778
0.805410086773801,0.24925447132887954
0.36137024680908214,0.28775942581734143
0.9852164205796566,0.39682179558754427
0.9912981138037364,1.1594905922539605
0.782028053399552,0.038893655669503535
0.5699921244389994,0.6527411554744862
0.8887617903411197,1.541901707478128
0.6077757811535335,-0.1316951056614462
1.2246094403632684,0.4294910784565809
0.04777412481027174,-0.407692601863778
-0.9450944064567228,0.1574328644566575
1.5262625949782882,0.7814863333516787
-0.17733382118068497,0.40681635147288964
0.5376260193623235,-0.14958383217726667
-1.089638447704046,-0.8075842018673698
-0.035836189759200075,0.6014288166798403
-0.07276959817308808,-0.11291233684332325
-0.7555199244780242,-0.39378119976566395
0.44241566040040137,0.41296609427794273
-0.39609890668442266,-0.8100663486900188
-2.2389568668485924,-1.0022759662230585
-0.17758655696576947,-0.09788593303318682
-0.8351559839076813,0.008632282050588413
0.9897488747410021,0.8345269646125304
2.0226092928184243,1.0479314320349238
0.3403671656873222,-0.025494280256894847
-0.549937373918998,-1.1474527311445357
-0.08512635694027539,-0.30582765679223944
0.9010507768696886,0.26524838827259073
-0.49382879382025824,-1.047297923394221
1.454145857424609,0.7425628207423304
-0.1413767869679773,-0.8337239271002659
-0.7508467979452609,-0.33685018563308217
0.5081080688601738,-0.548127022770164
-1.2229926190774112,-0.856943472933352
-0.927176786072723,-0.4430442507822283
-0.5210305859449482,-0.6746232445453146
0.7171173348717568,0.40373475064066355
-0.5970639586219172,-0.7966856278580442
-0.23969985442394404,-0.18331892038046232
-0.1263408043730408,-0.4717603625297093
0.2213912661477089,0.625984663161944
-0.09774005297286721,0.17825680831844598
0.49851436957879813,-0.4410360608044493
0.8827727600377885,1.4754848291429608
0.36836857294561937,-0.11140601031507305
0.9748837555516754,0.09862923070477114
0.7188918733817485,0.4847451390731839
-0.35842512844722385,0.4689045193402348
-1.2360817714294106,-0.23944137528078224
-1.1664249447336872,-0.5179660113763407
-0.17326425686747438,0.20090024013018415
0.9581771860974685,0.23345955530734486
-1.3797641976182575,-0.6758827487779032
-0.613519986958833,-0.1661857239000696
0.011409502677784955,-0.8979111348859807
0.8432769017875907,1.2538318457838353
-0.4133241891823941,0.06626652873850486
-1.2617912287988133,-0.6777256243860494
-1.6034702664047933,-1.123002805125547
-1.2934264632452952,0.04347989404318675
-0.2865638466898201,-0.1999665665462177
-0.4386751372046552,0.03806129658549301
-0.1303741832693015,-0.1112018538944829
-1.039440098241924,-0.834495533427557
-0.8018034628529652,-1.8264356385822231
0.5631892366114389,0.6261985712257834
0.3410851149584654,-0.4982847869310063
-1.300132937509846,-1.2838335930487954
-0.7441900362127812,-0.1739095071776443
0.9555201212616622,0.4055576399898231
1.1939052423342298,0.6097646355095856
1.7549746089310159,0.21189539077189623
0.36221319942817076,-0.22224645831307327
-1.1410715406784686,-0.8173879282924821
-0.15416062642769426,-0.530703592673811
0.3516104072762082,0.44525563139808844
-0.9747798265159361,-0.16299358315982337
1.124073717819661,1.0954938287800224
-1.3533599312328217,-1.4922915182830794
2.047540014313769,1.9617273909959367
-0.3162028630135339,-0.29082064290316306
-0.9510457737702326,-0.48930409375084055
-0.3480034424423072,0.0021461525941633697
0.4836346698042134,-0.06640214287197149
0.3187055729989044,0.8555829041431757
0.7552427283426014,0.21172017684948777
-0.11661112933867038,0.005923021514772253
-1.060269012102182,-1.6990042568782515
0.47311269384015797,0.09456921367648535
0.012989512675546358,-0.003701915832619817
0.8391021160367087,0.0545509743409609
0.3513223455776344,0.7068444957387146
1.3536440484917582,1.688768911222593
-0.3363945665017822,-0.40360566755243427
-1.1000430984637923,-1.0060937729377748
-0.071435928432379,-0.11216209588710653
1.331274159969154,0.9305542565348995
1.3985029619118967,0.7360120839895027
-0.29577746101418134,-0.7672346772506
-0.4788078036622849,-0.4034436516362789
-0.7092412865889899,-0.3091246709746914
0.943306449759039,0.5759502176381619
0.268022198696315,-0.2973483695687493
0.14869001762724007,0.5173877575712883
0.10557125302866475,-0.10445629173850961
0.19714520003682645,0.01418637998595114
0.29819675679327434,-0.7763524463788224
-0.315337120286369,0.2607254070541801
-1.0596255787689632,-0.3311088430823133
-0.5013983127666192,0.23575524172020373
-2.1005220935176814,-0.915551099447351
1.1694367219454354,0.8331009669465288
1.6560148758418058,1.4592831981686618
-0.5118145399057658,-0.6546694051297002
-0.6469576152215979,-0.8288583001617961
-0.5001180180734337,-0.7337956443793126
0.4828255251597669,0.9068362708019553
0.025121706093085283,-0.18868263566083707
-1.4670445850912959,-0.4273174970422676
1.2988301768695436,0.8990271321009101
0.2691643002495907,0.47278129583787065
2.3003392812181245,1.4510643678203392
0.6849804435060382,0.5120286442166335
0.6712385447204828,0.2210119122658663
-0.3910061564774561,-0.05791881918139652
-0.14170541084328714,-0.5714194990315796
-0.09361072221884846,0.20241481926646385
-0.6364905841822234,-0.38826933514359996
-0.15523851519463447,0.09917794518775223
-2.1196838811742564,-1.9706544416999587
0.9699139951578638,0.625724877143032
0.9352556251437031,0.5819036542284797
-0.31675537855937735,-0.8841785431700306
-0.2534832152637404,-0.6895919713834575
-1.7000856438325458,-0.4317183656073532
-1.4835309566816894,-0.33687874748111235
0.6386944142114639,0.2559819399262513
0.3035097419490708,0.9433095016962604
-0.9946707751137129,0.10275759280024577
-0.0551744240419572,-0.39440564266923994
0.20274425580289498,-0.362850374925135
-1.0926007669386473,-1.0740657760009586
-0.16443306870568333,-0.7141991965462147
-1.551443242077578,-0.9991266190493411
-0.9353359298050304,-0.4547028901545287
-2.2220586204742347,-0.8348418324460878
-0.21965408233310998,0.29780970199880674
0.19792227805280152,0.49832990815491796
0.38334689288821255,-0.08146594787433395
0.4424063069491702,0.7311681961683398
-1.1303359401618083,-0.45401308910075944
-1.109464838920176,-0.5028609229671885
-0.21229704339506242,-0.004173292528317676
1.0419996895346897,0.2495897725834078
-0.5035177066137206,0.8248989350003397
1.6505275115012497,1.0463681371249611
-0.09149335396306912,-0.19178105932424735
2.175669620165417,0.9417176065612667
1.8344289722401406,1.4155053372858988
-0.681702400015237,0.23235280983185053
-0.21107352489406525,0.12295512487889412
-1.971309172317638,-1.1114526292526208
-0.6594242508461082,-0.5400788275347054
0.006010397934878462,-0.11105323928292078
0.7816780144589606,1.331341670093463
0.10634174290144065,0.2342916101214244
0.6296642354209449,-0.07163600764504768
1.884557787876355,1.1613031917035141
-0.4440724716325373,0.2641415844304307
-0.2537442953321738,0.2804908637935536
0.230926343697675,0.09297304985531075
-0.5165266975652242,-0.8026239620618073
0.5966076763266343,0.2295730922101853
-0.691000565228561,0.23011531290935366
-0.0835592522874851,0.09386983225678447
-0.7078839539754515,-0.644051078804082
-0.40438531367026087,0.40326634546012524
1.2863424729382757,0.6247640436624389
-0.49415315769440554,0.33458378442772113
0.4108215154603442,1.1522477737641283
1.1185849303380273,0.6824604482192251
0.17528793908438592,0.13592728527458178
0.5804806944002227,0.6450375540894986
1.9105547863972476,1.7739282416773297
-1.783642252694385,-1.2667142647861855
0.1885036406545897,0.14697885849448564
0.8927937550229094,0.24500012083030437
-0.019573228094629108,0.6354431432018817
1.4162927390728175,1.5865857129540228
0.08922341899705888,0.41578403427663463
1.2223811156486746,0.12351402474914108
0.8183818787195332,-0.5417164069243826
1.6530722562555817,0.9338844635985475
-0.7947782464776514,-0.18117088314826585
-0.778763523499753,0.13543699220366068
0.7303432878189885,-0.4831132335860528
0.22320230962616408,0.13106054482462823
0.29631842893073745,0.4764399189381689
2.147991003426418,1.4260465468248993
0.5551881204208723,0.3023536108753629
-0.17185850311531709,0.060783708549916285
0.8048013664798773,0.23905374000387106
-1.282060573197678,-1.185400150116002
-0.9225657810575965,-0.724639219370111
0.4649052326388212,0.3968872378256218
0.7377103235774521,0.7443092937303457
-0.9813766948675523,-0.5693736358792376
0.571901620700235,0.5465748520147462
1.4170196086323354,1.212006671897139
-0.3388420035165251,0.11087634659547621
-0.013797073921282642,-1.4614049882786524
-1.582421124214653,-1.0332629699542448
-0.06247386478799493,-0.1832489220451928
-0.08016000360499118,-0.20741515288097084
0.9653700808516285,0.4560781830935127
-0.7421302967026914,0.2859470245906071
-0.8348885267017325,-0.34282478390477567
-0.2507911385058585,-0.154222239344348
0.7116945458615656,0.26515353637256445
-1.5896402542153611,-0.93505135980438
0.02659987626693707,0.26439617554450606
0.2670086781659658,-0.04339845797173311
-0.17603532897816818,-0.06991247171035758
-1.350617447869712,-0.5356602260871873
-0.07157130625895854,-0.42350714584525906
0.23442963048921434,0.1860340256803269
0.29318497057297216,0.0024214963650941723
0.4565192367389683,0.3067154541303199
-1.4200558311097626,-0.27745934535791617
0.564746651831709,0.8163062742247926
-0.4546740608024542,-0.6397510014040506
0.5290150254501989,1.252912909142267
0.4119426491639577,0.9674654652697845
0.080882881755402,0.9723755891872481
-0.9026567060977599,-0.8927031306910953
-0.38304059065005586,-0.5635377452388322
0.2672496205119374,0.33344570614882274
0.112476041544256,0.5030366030909114
0.60736548285244,0.6268972049508901
0.3124656022709303,0.27746823646543955
-0.43602884737379155,0.12240211544133345
0.1108603068522705,0.07115012318454637
-0.7760685488700207,-0.43622169973162006
0.09303274551185586,0.5057608310704331
1.6609186682445598,1.7812445699307464
0.22071421180722442,-0.13420478255728416
0.038641983939546716,0.2969728784584796
0.594317416308152,0.21118119289811932
-0.2768293731826478,-0.02814456746089966
-0.67135458749411,-0.3793564661159127
0.830017837785819,0.7384996479833792
1.1199557069029988,0.5638562204925407
-0.07787427700131076,-0.3336061461386651
-2.1379699143549957,-0.20892616347249415
0.15951751297922168,-0.21498153463979952
0.6917685866654051,1.1387215187395325
-0.9933203976756946,0.571620952008954
-0.5119423898714545,-1.0988089213930317
0.8683053846550624,0.45118815005388924
1.2928184112455432,0.02536985178750506
-0.0506716741414872,0.006819855934016732
0.9907805641797728,0.5218513065267165
-0.32038066497399253,0.37326695188379033
0.4052232580228794,0.6007785456483903
-0.6816730097228837,-0.9393442917794101
0.3029965736318736,0.14521401581463822
0.5615186119311081,0.127974485456263
1.1181189140141525,0.6827419642945066
-0.190880849397877,-0.2898439644291804
-0.702389942321508,-1.1603193222127572
0.7867112898636107,0.8587303442803693
0.48778902819202585,0.5591676440290096
-0.29357575601835145,0.2650816150545542
-1.8867543977495913,-1.0021486485320992
0.7188063507737864,1.3525958463713978
-0.8262912414820761,-0.5508894403678817
-2.126108646152417,-1.3320855719606037
0.8757761397367636,0.5333989794082074
-0.443995790820609,0.46018270317181087
0.2431641027517315,-0.4677614400355189
-0.1677631542486834,-0.7750850205495559
0.5758351671747624,0.5698708532858344
-0.018937829454210686,-1.0159964950926679
-0.7174569466472711,0.05987771169303724
0.0607355118910832,0.3439740179762612
-0.08497416967766105,0.4051948889714895
1.4381064268280856,0.7267869067222468
-0.8056769081985631,-0.22817457787528117
0.34144485548284953,-0.3032719861570691
1.9326722001491452,1.5886439410899125
-0.06798761367552952,0.6751648592612819
-0.7470158046202093,-0.28767249820046553
0.20645625484807462,0.630969291370418
0.6387610617548897,0.4331804923103112
-2.1106113440471646,-1.1803170759394863
-0.9289364177197429,-0.7970127699795262
-0.6379292428917535,-1.133765060997788
-0.7546883062497516,-0.8559963742673924
-1.1209259162703842,0.1003508110152802
2.1083404617741577,0.7880219714412684
0.18063198592399868,0.4674380098121008
-0.4689347449817751,0.16906543837187693
0.41615308081231506,-0.05951506172607168
0.30559370633386934,0.6786902136666577
0.220977520338828,0.0706543125275707
1.0856882568287136,0.6734536044716054
0.2666840540698166,0.4880073365715379
0.8019612053420606,0.16310034696808007
1.3042811268961982,0.6802318072105058
2.067972402238675,1.4724857510080738
-1.3434156109147655,-0.8898305269263799
-1.423398163683294,-0.8278031186708633
-0.617134670119196,-0.11806571286731393
-1.3422100730182493,-1.1012726734370764
0.4316244910752975,-0.890573264732057
-0.604024599032133,-0.6793843792693153
0.3421915957403774,0.0773158449225051
1.6555180763315533,0.8487299545127002
0.16901397644630856,-0.11765534304622711
0.5127233040006274,-0.16962341319590624
0.4987066933625682,0.08192252682282172
-0.802363903047488,-0.4986022241544692
0.1344192281126625,0.3926811449656745
0.94540368377252,0.5804501207871415
-1.1286997882760648,-0.35976890010157686
-0.6101225832534277,0.3316128346757811
-2.4247550396668243,-0.6476981021738623
1.1049665201967924,1.0870625237120262
1.0348075371020597,0.8688879420971535
1.3261670668746208,0.44802475021172233
1.5336033280220631,1.6570208863255016
0.4593534568693762,-0.5002416622920202
0.47543123077278304,0.0788917965933087
-0.8483962232122665,-0.7915677126422052
-0.23433242441536506,-0.4037406591185414
0.05834855800113642,-0.586818780559919
1.3958713854482885,0.8603355379779857
-1.2100011846569685,-0.8460326162723549
-0.01999747607148796,-0.4536432977557612
1.3571440927849228,1.179850035210599
0.2730359464839774,-0.47239408701016167
0.06494830532716699,-1.0905002062331488
-1.7564564101127698,-1.3220912432889844
1.1617012779386244,0.5444512944113549
-0.4705485351274941,-0.8568242523985516
1.1421289267418342,1.1088898424156164
-0.5359057086344086,0.02769230098221842
0.4845917400376911,0.42544034379537554
0.0673480068829661,0.34663775988937906
0.8163333529238994,0.2702468792549746
0.7571551884264159,0.4115807098067671
-0.622435443999075,-0.30499699963676585
1.2340112215087329,1.2992335275029754
-1.360723491369581,-0.882707162050458
2.4893773251529,1.167080193107993
1.0580736005408318,0.9597898378278057
0.6528252260393056,0.49565337636060347
-1.361780308919715,-0.14285737974425727
0.10327974331408439,0.3965120635187717
1.6280158742064386,0.6470720002337036
-0.14398457648965346,-0.0426353098735457
0.1358528889924061,-0.15840564955422726
0.01980919792800297,-0.4928167158995347
0.2872589937121899,0.05184347538567674
0.5520999728299116,0.34652280843619115
-0.42606272506083986,-0.10875385376114347
0.1416916284893002,-0.165885903007029
0.17039029185089527,-0.3106786673254385
-0.43999407291493214,-1.2450708351015096
-0.3781464422056374,0.7091509957235315
-0.7798978289486043,0.22198240375135153
0.6668909091584408,0.31960123269367224
0.49971849555391823,0.9211730883823023
-1.487653582274936,-1.76170017952054
0.169984214549303,0.2899398647589677
-0.4590663886555995,0.555899900150244
-0.5199861802572546,-0.49366877154565425
-0.3031731928786615,0.05559374453594754
0.6890682311767019,-0.07081924143447993
-0.22345310637348648,-0.06685840398999703
-0.016101114275031744,0.5943580915460229
0.049738692024892735,0.02578217792749199
0.9692201073108505,1.1598216391747225
-0.1031010668057614,0.1558336392819451
-1.7278628162033491,-0.9958305085194918
-1.518720871823473,-0.9412208030862161
-0.650279394125146,-0.7955916730403578
0.19719425049311534,0.3653091070519102
0.9965728981470018,0.8852977490837795
-0.6153624413907315,-0.657966789469985
-1.8431053033553266,-1.0023709568075283
1.0312940928879335,1.0722636358870512
1.0523253689694068,0.08028628521218961
-0.8862594070742149,-0.8254674368696683
0.43019092658187774,0.3450309443160816
0.20666872399959077,-0.37732687167425566
0.4272285805546924,0.3183236898796233
-0.4554592816388036,-0.7787518031618417
-0.7563658977071304,-0.2253145897991756
0.5939379990987778,0.35204806278146666
-1.7383265028967023,-0.32580855426623345
0.008986268842886544,-0.658072085911177
0.13967749492236659,0.14308347341236127
-0.3390210314459372,-0.020450840726491892
0.4669313774723909,0.33973527601465425
-0.7678104792275543,-0.6131014689746463
-0.13011679698154494,-0.4898656822936641
-0.03649957189149691,0.47290855709856017
1.2868885554285427,0.28258909912111535
0.6525621803950383,0.5912465778246745
-0.9757200022823534,-0.0960527482184777
0.4382213046752678,0.8049866434540756
0.9478598742104904,0.4496447441873944
2.123627760498348,1.5850342320600812
0.5254354181228392,-0.3359726456989787
1.0312054445932286,1.1071219841208837
1.099212212007493,0.06506643277685742
0.36730273440373934,0.13510799960786085
2.2731021282459314,1.4982162049709462
1.122743913255097,0.3288636528355476
-0.7933202032097953,-0.7318589588674658
-1.4659860764553676,0.24980276628109122
0.5371606387309255,0.8633059628106768
2.025700090713572,1.3139124763084977
-0.9728634076872938,0.11885296642054655
-2.497545876014511,-1.7726255512852074
1.1139789949557437,0.7517680286676144
-0.710895183197488,-0.9593288619109396
1.3482109637480049,1.4084970955529847
0.6636608522206515,0.5461988946251488
0.16299985940476788,0.06661747720555844
0.16671887308329555,-0.9115307904142397
-1.4699863832700655,-1.0901047154847447
-0.11295321662006326,-0.11721707112712845
1.1004459708653376,0.4447459305144452
1.974989784847551,1.6799973584301566
0.4743461212299774,0.6520387067361699
2.07463506098418,0.7944785014510496
0.009013333219090165,-0.059799428452750415
-0.0017613567518387572,0.2617453397922673
1.2926138069385567,0.09075867817341277
0.22139209233799803,-0.1921691859312262
-0.7313388987041896,-0.2151445768324328
1.6031156550660597,0.843888032700405
-0.3208239851975246,0.19987519065467146
-1.4882975883889584,-1.201671141547385
0.7751743988924745,0.7227870077257064
-2.0872749263667467,-0.7331353074492518
0.359212568303277,0.2716795511947151
1.1323628118073725,0.945871243907132
-0.6239711249183862,-0.6290473850213318
1.3243645820234393,0.5084577545864972
0.8134019885837606,0.528784013040009
-1.358974756694448,-1.2023947013916298
0.9409318462808625,0.34470067010112027
-0.9657818766116615,-0.335217111502934
-0.07830873186765924,0.5006117273101869
0.45517989142696413,0.06943043920104697
0.1688796185965405,0.06771591087982023
-2.127358157451332,-1.3711853030922723
1.8762226512108011,0.5318378112472678
-0.7474185154384313,-0.17974310851959496
-0.923940215121104,-0.2580022049207663
0.4282717921720856,0.5545177782546217
1.1375579902878052,0.6633328762725824
-0.49096881537391324,-0.03415272105132211
-0.45019359170259093,-0.5708721766650543
-1.3115665922514634,-0.6115188799656326
-0.26457250540795285,-0.23335767063039112
-0.9461821654453191,-0.41502330784291747
0.9189307802400388,0.8628227696486739
-1.2898038896172275,0.1338338879515918
1.2571239796345561,1.0799969773785518
-0.8174399069402741,0.3294403103990496
-2.08278050930157,-1.4788621831146407
-0.1551485390316921,-0.41012747460774956
-1.811551022725579,-0.829681994672471
-0.5709088034654668,0.001158128116256596
0.5548926375044169,0.5881819332583682
-0.791933413435708,-0.9527741812742312
-0.8351880921676814,-0.11115492049301023
-0.23806777428986775,0.26282891572012645
0.412789511245899,-0.15420292289823595
-0.04781982457201226,0.3777177814984666
-1.1629127234621512,-0.5387157135868884
0.8036664237380189,0.28962649366820237
-0.13533450727610025,-0.047049360752581336
-0.2226158262103265,-0.32474533512473197
0.9232571553884166,0.5167745768369618
-0.09830349516285397,-0.14593764380894486
0.9092680582321332,0.80645044151011
-0.5700081802204097,-0.0018034426566921335
-0.8930375455805643,-0.4463920278383876
1.1889717677035807,0.3583698679294796
-0.40415170174571813,-0.026839621272222197
0.5791561903574998,0.2495073789942987
-0.0824052649875135,-0.5175955635486356
-0.8391945445390693,-0.6163291105682446
-0.4125687416015418,0.3056200110924799
0.6834958546847515,0.10722401387013286
-1.07269196383006,0.7784294662674051
0.3831569649393731,0.20106989320947144
1.2635585347750538,1.2385107065504135
0.6747609083223509,0.1830392314325372
-0.8219349347856187,-0.3960230743394597
-0.6672750896896116,-0.6475131145304751
-0.18799243310742192,-0.8229390128147607
-0.6178818094722073,-0.3184502074466641
-1.820043168694027,-1.2090609112177733
-0.4848566355879623,0.08746727878856952
-0.33423721856212335,-0.7870369736158545
1.7676033893251797,0.9875384421026632
-0.3183686946622091,-0.0835435654281302
-0.3456587691478207,-0.137285414227167
1.9637127417564804,0.5149748594421968
-0.5126900160298826,-0.3921541234675456
-0.9276563641480525,-0.005043258262657169
0.15734010207772695,0.20075589404389144
0.18120037416752868,-0.7860671444618168
-0.44789112218153965,-0.5656540672493104
0.4355595830706838,-0.8190295656755704
1.3217035183582817,-0.01642658306100009
1.744366694602277,1.1309201181119717
-0.6500933983412887,-0.0323672373046065
0.8746174326916343,0.3367697674779223
0.3116423282458775,0.4396186723258706
0.5306160991003767,0.23569424805204992
0.0495534569355049,0.2200763680498878
-0.2818645945543418,0.4476995096936661
2.5749427626928783,2.128937117730274
2.231701721833831,1.4124209437609223
-0.24798088461157808,-0.3884482029894055
-0.32504925819009456,0.20908110479553701
-1.1089312066199544,-0.9598261373117225
0.47118172318838236,0.1890880847468227
-0.3245948808170743,0.6158312377829486
-0.3256033914356427,0.3464478154980659
1.1556641368714689,0.337828468116131
0.6419623928235195,1.1213889794624972
0.4871473364240013,0.29006776451421973
-0.3636305297708424,-0.40966707390558366
-0.2546193413677169,-0.1473957450780602
-0.032401103565421335,0.5420276947809579
-0.5717881226460697,-0.7515885341541015
-1.155626342729605,-0.25800522636091117
0.021383652926276447,-0.12146285510043188
0.37667361777476166,0.9520410639620746
-0.30890231671126656,-0.007484158466461971
0.5160968358236168,0.13917600863619836
0.514768314536965,1.1895196965510793
0.6765178514149269,-0.7993596297131447
0.8762782876829439,0.5853519961621236
0.09699347064848308,-0.4334029787618203
-1.0990452708082674,0.08431956008784736
-0.7047741777718658,-0.6895091982215469
0.1734297478433097,-0.03365907250968851
1.2471913668823293,1.0057125290499727
-0.3051651494082307,-0.4428016881707405
-0.13572084557599107,0.09943822981608468
-0.3054061513187343,-0.9110431496447534
-1.2308165171478118,-1.1679468661950483
-0.4408269931202515,-0.5754824757695712
1.352260024093133,0.9283166622129603
-0.8368595004434806,0.019106498358635537
-0.17993653538361093,0.16502849689726123
0.4079405943851656,-0.27775992073209593
0.7342235281491761,0.39907189403599663
1.1995967985505969,0.5531277056282616
1.1149889828331014,0.8651472466765185
-0.7609158527361735,-0.8069004086898242
0.10653737943338704,1.2118310875053901
1.2212045411982446,0.3211365828738007
-1.1060712190093138,-0.5433337486366435
0.5271736066521735,0.051614051924497695
-0.01881924166957463,0.5441191072311197
-0.19785711896751523,-0.4764140164825795
-1.4830765878746608,-1.4719065494439114
-1.1150199437581143,-0.6266492857965262
0.0918919866429635,0.22535021435844693
-0.7524351580590977,-0.779643920768774
-0.17431994479802287,-0.713091287128331
1.6159184328971645,1.1568197575927817
0.6537770714092743,0.8148238869992435
-0.644760433639594,-0.47327108352309327
-1.0226279373244134,-0.8563506090742722
-0.8989598913384782,-0.23057751427798812
-0.08084393464872527,0.10688766765447331
0.5940866669174436,0.6358458691191478
0.9983443072379938,0.7087652998541596
-0.019707744818939537,0.09768900545669676
-0.8322895782667035,-0.9266811801997462
-0.1664135366751253,0.46275282524606365
0.5741446841229823,0.20730488503159855
0.5530190626421863,1.511076106921963
-0.4395223014932492,-0.6822137161682036
-0.23427853166755383,-0.7656142530354368
-1.3553475100086172,-0.6349443680126973
-2.3180766142557276,-2.0171114840768505
1.2229607945164418,0.40291349416667127
-1.880442114697141,-1.3276943503369771
0.049165355579713965,0.01525364369032048
-0.04098066140659778,0.47415764141733785
-0.8259770525930618,-0.20202067517780592
0.9590356576659154,0.6720741414942183
0.566636009108903,0.20605238884413749
0.18804749222874015,0.20691038843872772
0.8468603164274758,0.8738683549557889
0.5909923375569991,-0.06131848714346633
0.24023874851345278,0.4814845939733673
-0.490723020541462,-0.45320858620863946
0.17786978704583853,0.20202069691431163
-1.2287721037411197,-0.058983146622241356
-0.5421007080566845,-0.05349046220644177
-0.5998079910237895,-1.0210643542906426
1.4529541723072554,0.747952776062812
-1.1944496266938838,-0.9672427088444975
0.09855573871831197,-0.11888639475927126
1.2510283118373382,0.6386737409749961
0.14120312341712493,0.2805747498085822
-0.023113072184938414,0.34235951395196573
-0.10943125923153763,-0.3473966486475233
0.31223054757367713,-0.09255665113974434
-0.48665401313729334,-0.36332924190777105
0.5948253206901314,0.2732738801130232
0.5515994262771571,0.36600860577636674
-0.5778839390962434,-0.733609123991291
-1.0344441766767265,-0.47707979677229206
-0.4289789913606941,-0.20409922278765655
-0.4921854263217064,-0.1262822379507773
-2.3211772665926027,-0.15790269423488135
0.6389296417009577,0.04498847930157995
-0.2992143583608444,-0.0016344226845761145
-1.88033653716642,-1.9835026905711852
-0.12152742546953359,-0.20458989086431412
-0.5331281338420283,-0.4722842381787844
-0.7177625699365168,-0.2002605133942428
1.7436075662426158,1.871906387800451
-0.966697239424884,-0.49188488975840505
-1.0663971901894387,-0.22442174668724307
0.2776409342426993,1.1120798462948747
-2.412807065352397,-1.5930786234740042
-0.3152007985137387,0.37128309202813514
0.29276068325299837,0.02902943877446229
-0.9294270363213707,-0.05665877955821752
-0.11003830705927603,-0.275414452358393
1.1538328004216134,0.6596957740458999
0.3856116112110558,-0.4616983536116621
-0.7540434500999581,0.011181251280728666
0.49886010583421736,0.42727968378524306
-0.4610444299555182,-0.542844302457697
-0.9593939687989017,-0.6666610512601061
-0.5472810990355935,0.02260386770648226
-0.7825197212062576,0.15647988637450383
0.29790886546870954,0.34649946696412287
1.7179269618491781,0.5749951343205373
0.5349775890114271,-0.05834454024213781
-0.1219317244958243,0.05188014383073106
0.2456637228708512,0.08663633819016861
-0.6952052486265026,-0.31464802386777746
-0.3342243270923555,0.24247477757333238
0.8539579883850131,1.1241361453660264
-0.7798483509144927,-0.2052089892574266
-1.1315507722085125,-1.0233774095256574
0.21578021029353137,-0.017177693956816897
-0.28505972074277497,-0.3432590689160775
-1.484266113665394,-1.0138474941468634
-0.6321995610913463,-0.7802335860623438
1.6691770785152733,0.8803219174523358
-0.4866269699340528,0.5010228371317511
-2.023108707702526,-1.0948678594840102
-0.8941674699252229,-0.08809215147309774
1.923196927428725,1.6343452867277193
0.06815054896859095,0.001764670712452017
-2.091762876408669,-1.1067506320213991
-0.2501482079610411,0.08238565216143884
0.3511598945277363,-0.24512986725266814
0.19993661782656344,0.4998118399965679
-0.08315989911908933,-0.4845976802638592
-0.8386573046151647,-0.43612751737145183
1.151915112591804,0.6425747352475708
0.9835954958632251,0.7531691457807403
1.6441571619343558,1.1084067736004604
1.2817778851645372,1.4124538942144877
-0.5392918741595798,-0.6874691739649594
-0.041034921026493795,-0.5022226979946505
-0.42347122230764467,-0.2032326687180917
1.5502494421365711,0.03924762458768394
-0.7180618209405903,0.22894908835841066
-0.7203698256442673,-0.4785851971383187
-0.3779582482343149,-0.540464037292484
1.0444239332274576,0.6435407115781987
-0.41035349518867636,-0.680128218258472
-0.1301396523903802,0.27503986884257864
1.4331034885609264,0.8097845433366507
0.8370276792128538,1.1721814414558889
0.8498785446058179,0.49707845973385045
-1.9075213788582095,-0.9838133522501905
-0.4747390166630598,0.16811248159080905
0.6731832552579675,0.8850602643564517
-1.2719602865829713,-1.3818323707462778
-1.145918054165949,-0.3304425264698391
-1.366210980936614,-0.35129240151525226
-0.973896369987957,-0.531203106522127
-1.0005249289020006,-0.6149128273098198
-0.08039053684381971,-0.5746017396906389
-0.8752220492048745,-0.3475510607459664
-0.633357746381661,-0.7054499639748318
-0.530881085671567,-0.8788649084988891
-0.2795616526718019,-0.6000771944294044
-2.2469981963932777,-1.3344212068424601
0.1582899102284697,-0.8553515516094264
-0.9668977735452171,-0.4894370277077624
1.0578030054210823,0.29401382994467
-1.787343569992156,-1.2719958288430697
-1.3513535764893674,-0.6346505642997791
0.13247838390156788,0.026796323633074368
0.037706350913422296,0.10695207310268716
-0.611676295258518,-0.23743881577553222
-0.7245761447131843,-0.21502854147858644
-0.6952764283952428,-1.1350482794878674
1.8210199403589777,0.367731457425332
-0.9865579229946293,-0.8384452757511311
-0.45252226312580807,-0.19244235919041194
1.512704330720371,0.8614625095701255
0.65378604556394,0.39763625094514404
1.9667639144129034,0.23442880728140336
-0.08769511170024619,-0.6454428286702811
-0.7142763209196512,-0.3159382894023964
0.058554655392311056,0.5292986428253528
-2.1553036313148843,-0.838960563069479
-0.7325558484151806,0.222599998416237
-1.3441629134250956,-1.162064217188124
0.0017776171835169612,0.1418921980618147
0.4799606376539831,0.44571083449986215
0.6360739545803048,1.1438146988053335
0.2767415592625505,-0.6594881666271805
2.2124224419386778,1.189173081013825
-0.4472116974053069,0.2351568379033317
0.06436307152017862,0.347019330470031
-0.34448729682070883,-0.5236526142268467
-0.6424304211038205,0.01495925380441182
-0.755427072983672,-0.18724979550000725
0.2792452173889597,0.19801266019910232
-0.5234908361016377,-0.23871287085687215
-2.4328924774933194,-1.9175430895436163
0.45043919822985473,-0.1594855636937323
1.110125356660209,-0.41336165116026347
-0.500434837429769,-0.2900242336158197
1.5318218082619555,1.0037186967502143
1.6965017842442724,1.0325114898654804
-0.8517661032637776,0.12469785288707724
-1.5413199383381724,-0.9583549851436073
0.8646334963223528,0.6257577044952106
-1.6313603139635209,-0.8962974222426234
1.9499268965488903,1.7199220559865442
-0.10857592747523755,-0.15331767241641042
-0.48903614402682627,-0.4688710334518431
0.7075999803308725,0.4152488200316565
1.6638850940572794,0.9445976585301488
1.9821715951074366,1.682962568743178
-0.4598079613814484,0.06720590788439118
-1.25406290770867,-0.1977432617363014
0.2639690864322174,0.3816971065911028
-0.08242359411065421,1.0406756356688809
0.015847577743236606,0.816969070590979
-2.8533330645240405,-1.610034251071512
0.055293098223529714,0.48691010748268926
-1.0543964315611847,-0.3136812746077417
-1.221233920044455,-0.9611494889802307
-0.7369301422021733,-1.1102048959581998
-1.3310683380225976,-0.29155245627353543
-1.8358533128768413,-1.3639066561293431
-0.43200153743282066,0.13910825552685013
-0.5921569613536021,-0.3558606291605499
0.25668860236135754,-0.4034014777730007
-0.7680484264961478,-0.8280682776443236
0.06321040926746153,0.5628553151723784
0.7431214870145144,0.6516058334098384
-0.35228694955495565,-0.8246968891742564
-0.7313549335472622,-1.4284929781482332
-0.6460936178457021,0.45478091407819615
1.4042472862687092,0.14187600888719576
0.5686114798233604,0.03954266884747054
-0.6750826789482839,-0.19656924656031693
-1.5329562190569141,-2.146781920449763
0.8623386010942347,0.48070509400603273
0.06432090875834956,-0.13869273024294937
0.12996063915251682,-1.0076305451794538
0.7838109685473986,0.05219427023013096
-0.6065068991142297,-0.057418505315393165
1.001269046637616,1.0178284639464281
-0.2512878456699351,0.18675864501342834
-0.21520095812279683,0.2499324201243359
-0.5117134203163763,0.3451586741490879
0.9786099183741568,0.5589848812504344
-0.27681976075934117,-0.33801169481288595
0.6493043426173157,0.3861938202255368
-0.3454756346729745,-0.13611267524842088
-1.2475267262149095,-1.2133818268712449
-0.5885311590645074,-0.45157117208642417
-0.9314663323538894,-1.0003686781287402
1.5832253844288358,1.4303999996146697
-0.005955773106453495,0.1177290830056566
0.6852307111694027,-0.35135664667988026
-0.49145082799216067,-0.18084562927330539
-0.5506041176721441,-0.5920298875081564
0.27347629160108017,0.011654204195670315
1.619696035382113,0.37302655043036925
-0.020775477194838517,-0.2883083036344744
-0.7856012608915809,-0.2850136235830185
-1.1828975718901806,-1.5328928931761285
-1.5074151338716542,-1.6420419647078615
0.7278645147014616,0.8224334173277106
-0.7742734418897342,-0.5061940639988096
0.2787721481744268,0.38099470736020213
1.195383362028326,1.0128678094234786
0.540461860121605,0.45765380082721263
-0.47290075813941485,-0.347761771086006
1.6436991574291362,0.4894035400748812
0.8175991963244713,0.5984051674856143
0.6485947114569286,0.5350284848053531
-0.33394830926193286,-0.9340306119828623
-0.03287085451995127,-0.1163396997403397
-0.3265005571581497,0.028227275860030265
-0.30095826125784964,-0.6344111693122837
-1.3692557339800222,-0.9014257149557691
0.9714151771418217,0.37653145047207315
0.8171783621799521,0.9429618641148374
-1.8801942402826761,-1.4522484226794887
0.8705247242034206,0.4508791082391309
-2.145949299897054,-1.474862676256476
-0.8736764347751232,-0.756028776201654
-0.7904716601356919,-0.5735897613329095
1.4230448836014598,0.06132392400028175
-1.5732094416876719,-0.6245003821342873
0.6232771126997381,0.9501887236073212
1.8743847899588357,1.1648642431217828
-1.2573344715539114,-0.34677141976760134
-0.41182582790929523,-0.4649206606223095
-2.3522278412298445,-1.729183280353762
0.9330269139546115,0.7937028500266401
0.010119878613321916,-0.40871777189860653
2.415530381625497,1.0534816824236408
-1.0216551140233217,-0.878704300070059
0.3136817456906308,0.06212408682750273
-0.6964711305332301,0.20481547816290563
0.2789505628526608,0.8468740528282453
0.42816784944937497,0.37626259683908336
-1.081692912656878,-1.263496231578068
-0.7959986959650591,0.07584028319227809
0.044680187249335805,0.14802603396544456
-0.21264991429889904,0.08376025146114305
-0.22309205221852454,0.22113036653462048
-0.33522085103932653,-0.5223703372457917
1.9528340919956984,1.4352603668501835
0.8105055925619868,1.0289417677834805
0.04670918803863573,-0.12746584292878463
-0.08702260979385341,0.7814172438692368
-0.3253844838476962,-0.0055963093140154185
-0.6261636607397412,0.15713875962579243
-0.23135354161212213,-0.9503239326280477
1.3778396072304206,0.9174506820802969
-0.40295068051485605,0.37866874560566
-2.068347389356459,-0.8440116260505739
0.7806811610679135,0.7557575433754997
-0.024052830946100008,-0.24175855296387164
0.23380403649124012,0.27064274413490436
0.36005417704803533,0.3650704473411379
-0.761346270852885,-0.21923896417402344
-1.5905700878615687,-0.9516074676006518
1.184772751545146,0.3702811811377308
-1.9667565213906038,-0.7567005483558352
0.22621673696760272,1.1723503725171807
-2.352736439666877,-2.356653825153223
-0.3258349380690115,0.09043581034670789
-1.114048954602896,-0.3805296682953517
-1.746838488223429,-0.8400182957802564
-0.044939700509055554,-0.5120701032782664
-0.14801420980049382,-0.7357138433085191
1.2539673114153096,0.8446424179175767
-2.185246960502946,-1.714603551244608
-0.6798867569997242,-1.0042020279744668
-0.4414358106886809,-0.48321790064791625
-0.43725526635848005,-0.29816327756668637
1.5132236323132466,0.2509723699175086
0.8724267376885882,0.12659546007073985
0.39562214967315706,-0.4601527366935642
-0.48879166985985617,-0.2106420122503298
0.6905765510861852,0.19035289037465702
0.3549356188069136,-0.804751879827459
-1.4101501785957848,-0.47081323559972627
0.306994848679474,0.037838892592246876
0.6417894661464245,0.6644784219570616
1.1168431342229759,1.0364090409172595
0.7423747393938219,0.8871345875487124
0.15412055122216517,0.5376100080468179
1.3891942504416253,1.0815810317591175
-0.4223795778349868,-1.1632347224046513
0.9353854637992617,0.42815437490840214
-0.24977230197523062,-0.23903090980581404
-0.49235279075115385,-0.5710905865122802
-1.128194950519466,-1.1111362503360307
-0.588149754725107,0.07533537887427766
0.2159930421310088,-1.3151062604006147
-0.5280349759132407,-0.9806848887529012
-1.0052684546276895,-1.1891020041308977
-2.1357418683785583,-1.233400368155756
1.9137548845643642,0.42758633386789
0.8108585769663162,0.3976947463306679
-1.3934596191853297,-1.1018117340291664
-0.9059761632938553,-1.0134315857525453
-0.23975887912092336,-0.3963117996745109
-0.0024695600539576,-0.5745255838827356
-0.6435587860331211,-0.009699600169129463
0.23563690895504508,0.264236556317584
0.22031703449182527,-0.03540693409765244
-0.029296089375278663,0.750700801784987
-1.355966006867707,0.09760506941417879
-0.5831037251532996,0.0902811421237168
0.9470715456347736,0.3589652451453423
0.714354330906487,0.651542581406201
-0.22145124093555688,-0.8677238854960521
0.2264474780849562,0.5696576735044185
1.4654396438068351,1.4909806805700567
-0.8916600266425,-0.22406041147469757
0.10802255018371006,0.8405794717022134
-0.02755686927472269,-0.17895066344326202
0.09862972159286314,-0.041179440346688564
2.9848628679234217,1.5877556486637694
-0.8706741942723659,0.07634388601127207
0.7121647632414032,0.6333367691912576
-2.4196087834520936,-1.9767356077673326
2.7921030987926008,1.1676367665168648
0.311778886909881,0.1901807613597173
1.684045518489291,1.2121666464417484
0.4409764855265915,0.12982518356628645
0.17276544781971143,-0.6168012215221836
-0.3702703693498014,0.27994472142098226
-0.48020446941311595,-1.8299619216997747
-1.1100775493774862,-0.607096544863831
0.1344205806224997,0.345732387685072
-1.3203350983947488,-0.1938346488324355
-0.9816541982544357,-1.1185302733278237
-1.6942787035132967,-0.5956170934278624
-1.5113273039683608,-1.1041908292592437
0.8000106513852426,0.6797077878403825
-0.6609603285549481,-0.3236256488559059
0.1243723989679821,0.7188041335366234
0.016943926626623935,-0.38832859865834696
-0.26743676856862075,0.10477672316916103
0.7897945893692373,1.8622660592907616
-0.6615657364153468,-0.22368405737422783
1.083328893301317,1.0248413693090483
1.7375557168455724,1.6134069091141274
-1.0629631446492314,-0.8016022304298918
-0.5521464689302757,-0.9195963857900452
0.7264316144139716,0.9160337474416342
1.9311244967905035,1.5302481395303424
-0.19147018777776495,-0.5331392036839117
-1.6269491573162052,-0.11152362406587701
-1.270674168761209,-0.0809935759379764
0.9117849630748123,0.9962249351941475
-1.246766482279314,-1.0884036860967932
-1.2765284544339444,-0.6598579021822012
-0.164304896598555,-0.022233531283101557
1.030198804668412,0.9981624057010163
-0.4661066957314149,0.005697894876679044
-0.017625114376422592,0.3786389620038989
0.031707761215676276,0.6049668312801114
-0.14428164661499424,-0.16428105332341766
0.5368782186640404,-0.06212293012082454
-2.1819525241135813,-1.1321670433187905
-2.2422090087707613,-0.3391283191718215
0.2036440575264371,0.05765769888990206
-0.33610762424593577,-0.13801209362157005
-1.3785845831386683,-1.0232179781216697
0.9551891492031629,0.8534571328999532
0.8136625166619009,-0.08169427060738155
1.0580153724831853,0.805647384970881
1.3917447797925193,0.8058610858573312
1.324541587757845,1.2895620676303907
-0.6471566339974042,-0.3395310532346136
0.5570450401248268,-0.30676864310090585
1.3683434442704863,0.5834112203687342
0.38859796362207,1.1741540908016956
0.36288091581178683,0.25768980267024505
0.7388569790306282,0.46033928575179195
-0.7126709896038966,-0.5078654485914655
0.5596665563454292,0.3234311491262961
-0.8812585347185502,-0.9803342771268994
0.5204045343188171,0.4857277574134052
0.44993109662474184,-0.12646152525988974
-0.9108810119185518,-1.19844774324698
-1.150534058749989,-0.5485177070386177
0.5820356804657966,-0.18742047392502542
0.8903382885298703,-0.6200114984124777
0.3310382887232036,0.2779987442480052
-1.151149838632598,-0.8929241813883612
-2.3114801450782916,-0.8820854335299761
0.8588654733498764,0.4936679903818093
-0.7742544822416098,-1.1912072075554243
0.3563100684777579,0.5446584882311533
1.593512394373654,0.7745254557786714
-0.4793910836755252,0.14896292092478863
0.26326789377055454,0.3879469774830797
-1.0606220625664209,-0.9815535781317485
-1.371642869861827,-0.9753829800109779
0.17780168356344728,0.6739123117750203
-1.0647728067262838,-0.9815307658961876
-0.999528345188251,-0.06788533509942551
-0.1608986240934977,0.825365922449614
-0.9126421511043428,-1.3094326716866338
1.8917511782860317,0.408294459563723
-0.5583943128633863,-0.26313948678945964
-1.8710857632652191,-1.1925269994024712
-0.31694401739301903,-0.10385569586951916
-0.3018422241700152,-0.5358301129098472
-0.09341533347118462,0.31194992973704944
-1.0060470056820097,-1.1167002521847715
-0.25076000162550455,-0.7488923217364314
0.7563778825631606,0.18975291458833043
-0.7856781594962919,-0.2897773419810005
-0.07974066246611544,0.2083031492333353
-1.3650291265799193,-0.7786842444887414
-1.0253934866846348,-0.9048739440955584
0.2552525941183739,0.7990833263197843
-0.5226342978107795,-0.9747093330934327
-0.9483418208026899,-0.3385807729792605
-1.0992544912879632,-0.892442418664578
0.34862905601955696,0.33272277909439535
0.8376613732941539,0.06161068542730175
-0.3569303915405943,-0.01992966869593274
-1.099125392656704,-0.8000982919982609
0.13415750234494592,0.1683650461713469
-0.08491504483594704,-0.7619282300562586
0.7916088469727999,0.18074938877541052
1.1465067589034437,1.02024317841645
1.2422067974841566,0.8533836352984799
1.84260696360889,1.8686668434379903
0.13535632739261616,0.1843307817489593
-0.5972611355364636,-1.4089180820903224
-0.07174826510090038,-0.3749918941030223
-0.6899765196035806,-0.3804642010131039
1.398599255129022,0.8199097009573567
1.3094295002394842,0.3796724628868701
0.8403059581475797,0.42515091801739596
-0.472582632130202,-0.2764884183414919
0.2079872935566998,0.2463678451587577
0.887005003780039,0.5414433748063329
-0.8476761496728717,-0.18093549935678666
-0.7587463140543927,-0.5109468260503478
0.9429278927562244,0.1589012036420116
-0.3011458874984387,-0.5917028541877327
1.3834128186500203,0.9588959323591245
-0.2705848548116043,0.016420679311317243
-0.4615161145851541,-1.22819333332717
0.67191746552929,-0.46433877779219335
-0.5592481034198663,-0.9438942523517524
1.4672913514615544,0.13517718765216313
0.6638127355939348,0.9917857614516479
-1.2784799867320227,-0.9740857903307325
0.5553972050971182,0.014846966494471925
-0.9612062074942,-0.09606470990019184
-0.25794276748694006,-0.5701231212739494
0.5841484981298365,0.505479786349774
0.004458449933584831,0.34394452321864544
-0.8773059066503343,-0.3023754428056437
-1.421529687904262,-0.8222229544167722
0.4435845395025674,-0.2542651261488886
-0.30491634422923924,-0.37781719834553085
-1.8447143391505327,-1.3016512992501454
-0.8017940531472596,-0.20377799614994585
1.1855235737616265,0.7584596274362626
0.4738544168477196,0.6134492222072812
-0.48355629866361516,-0.6208998064852818
-0.032642940169521406,-0.43559374616928836
-1.6407906574106088,0.009254404018352536
0.38689252723746476,-0.11113733647180554
-1.7177083663307584,-1.2581106158672668
1.3337104664469597,0.7348371032741987
0.36441310303626273,0.040839030799657644
1.2779834506009813,0.31215143946598917
0.3364548513896788,0.3024698193220919
-0.8663011029874096,-1.3939114907749879
0.65064417149335,0.6956782832991093
0.7972053812180533,0.43335693674417985
0.23025361445868514,0.3349031747680987
-0.36985099844952857,0.09709974864406376
-0.679140591388353,-0.6585738318136342
-0.24459509019652134,0.05261671493815637
-0.05502002283145746,-0.201072748559656
0.09188308074556861,-0.3935499047627501
-0.7940842240994475,-0.6293526871309412
0.6847093251511367,0.2091648911594543
0.6327301139083898,0.27117876731554436
-0.848499225576856,-0.745904502124017
-1.3740637097287798,-1.1007910697650827
0.1429787935196227,-0.3298298722173535
-0.3184409996102839,0.29874516874881496
-0.30431101492902884,-0.48410434258484497
-1.014655320904823,-0.5376354956334563
1.2750201470060336,0.5714635341131558
0.5797721544119765,-0.05814128667968743
0.7171248770056432,0.5156963823948773
0.8272039011636005,0.8561466134761666
0.03507223647980364,-0.5712174772148054
0.3256456265534057,-0.07126723679167948
0.28777075832281623,0.5237061816280643
1.006147106654189,-0.038856370418951736
1.4070579239729981,0.7087129582552528
1.1377312291212518,0.2027445125139039
0.6941487749690267,0.46716098572800063
0.02493520215668745,-0.8928816346558655
0.02693140407093849,-0.8948122044329656
0.07369423045305312,0.1618612220562399
-0.16797247463159667,0.4992364939445881
-1.6327367487768403,-1.4907279054462308
1.0321628100270153,0.3185266080879702
-1.2671215099072115,-1.1605753510772243
0.6059564313467735,-0.19962212840653243
2.3436631305351865,1.2919507111942303
-1.360119041806176,-1.1067314776521517
-1.3148634664739907,-0.8648810114540789
-0.28154360664464456,-0.2588777795033859
-2.4727702657051176,-1.6885290687186358
1.2554172812781772,1.1221257811963974
-0.49266568610592504,0.07868949750218851
0.8528187756848389,0.7500418750491873
-0.4861280386521151,-0.3648144202905994
0.2825308113239535,0.030895426751323896
-0.5918125175829374,-0.8403170128089087
-0.781878909144569,-0.8392951402693279
-0.34300428648537507,0.5825458963951704
0.8124927373598104,-0.06571206366794596
-0.9361781895964464,-0.9147545826241867
-0.21663720728034463,0.25775004217095465
-0.4600998258743866,-0.3678599589507898
0.6316646602421613,0.22621105746115924
-0.8778445525875457,-0.17318552110489327
0.4852184124635013,0.6372251131029046
0.39198227750126313,0.583054234355755
-0.4966286812603428,-0.58306391647499
-0.9626726750888834,-0.8765491574413282
1.6878116677010373,0.6294857683940517
1.8586049776937121,1.193369008081056
-0.47830663417064007,-0.11978376367131188
0.17458916874671726,0.07588618674665867
0.7662549652101343,0.5649560276295355
-0.08345661357695686,-0.02024417998213678
-1.9297108394606177,-2.045489122533769
-0.25961484168009724,0.02123224068580118
-0.43141279747354216,-0.3380399313084802
-0.2436752171604194,0.760059273408155
0.45064667934216784,0.015007952448363504
1.858491647937977,0.6984297932445762
0.9130862158609904,0.5506593262085886
1.2693333139943004,1.4435802797677055
1.784807340307937,1.6934062126678726
0.5181654518594551,0.8165419282539219
-0.9503306009132838,-0.06249674751689527
-0.38500313436182376,-0.4872718026470004
-0.32052604877445856,0.27157279804144896
0.7134295952636753,0.16668112381751676
-0.8034022137648463,-0.570121751418078
-0.11017771002395539,0.054158100064381945
-0.006918777503084366,0.41694632629353406
0.7229272495775947,0.4535138308648253
-0.6071114910990799,-0.7967446106937809
2.078458335603594,1.094171286423448
0.5982025564880742,0.21315431027044973
-0.6657462100720892,-0.5762197729656809
1.8981742199882574,1.5645414130830015
-1.0582918045005663,-0.2616880971325207
0.6314988141593696,0.7299466817032457
-1.3926799999646262,-0.6336751924327857
0.3089792310556331,-0.2010336331971194
-0.020864188637733885,-0.15818813968488535
0.29288352387916694,0.1333686102297575
-0.5954862112916363,-0.30383848874858543
0.6034424816903718,0.6492969162593909
0.17613848637356339,-0.02607132976405678
-0.9238018157295205,-0.30618316418123365
-0.1008006712042084,-0.3708916968189491
0.2551524282383275,0.060874111691597496
-1.2299676406392106,-0.8620211767419929
-0.19572614629486318,-0.4694108182223621
-2.092073091754884,-1.5289628341779227
0.7191183009255253,0.63711542503442
-1.9747268218662435,-1.7691760011844821
-2.5915260301876226,-1.0474503202538061
-0.7816096234457669,-1.6988713177431665
-0.23291870957329855,-0.18072964146752196
-0.25349834643507935,0.2918320442340959
-0.18780046835863892,-0.4616371021163054
1.1192633257225382,0.011590024586846215
-1.672744255615083,-1.7055884081803052
0.2739154320725734,-0.061159030801226755
-0.7468778167027291,-0.7484930647235846
-1.653481743361336,-1.081843844341591
1.437513517516059,1.4311490667549251
-0.5882552014120979,-1.2667689695938402
2.3323530597711666,1.6072618207475602
1.1451403207357729,0.46374454618689376
-0.6061798263516295,-0.44961200397862733
-1.3748419884548724,-1.1294778015095042
1.9027878473339364,1.0633797649184773
-1.7400337675812645,-0.13393723604047958
-0.43889331095422923,-0.7790619757932172
-0.13550894659280702,-0.5420674672511279
-2.6042151690228135,-1.7258644066877686
0.8224449995506621,1.355819947143875
0.830212369199244,0.932942780464
1.5689551978003293,0.031684662399296015
-0.5927707652316101,-0.13647162603574486
0.42612208245375877,0.1629959723939753
-0.5828760580506789,-0.37367067423048905
-0.4982608979721027,0.04389010589173814
0.627222176543623,0.6715175009940223
0.8549451257726718,0.6092602918486054
-0.775961165563715,-0.9346848139322526
-0.06283882189096533,-0.7011732886479878
-1.4728387590920138,-1.603677491450493
0.011327806014854806,-0.24478896523844823
0.6820349074506113,1.113769337857224
-2.043706225008721,-0.48915963361503934
1.0153003790042772,0.9645740878915886
-0.5928958510978765,-0.5717449103903076
0.9143225312580641,1.1186684043168862
-0.03296476867463688,-1.2440344211481265
-0.09835178875757884,-0.8588894775953705
1.3122418711437107,0.40719264841215486
-0.7560339941018366,-0.655785607433236
-0.6625985217815354,-1.158361692551348
0.16312439635349982,-0.45815087234292323
-0.9203080441865846,0.06173940308875525
-2.025453123749681,-1.255080344204839
-0.05490139746663459,0.4516159493248641
0.7942208548975128,1.0300528803601119
-2.0019248883903,-1.9438171585374895
-1.0560759360750016,-0.3329770442239557
-1.158622582295496,-0.9985060584306958
-0.8280459147251786,-0.43554465002357234
-0.1958173063016484,-0.38948371659068975
-1.1087336705833004,-0.6060806024875007
0.5200019590297049,0.4400361202668198
-0.37716616678892456,-0.09626167592135487
-1.6793285051734488,-1.1298541121001298
-0.13663090235987643,0.03011437564109906
-0.5945698176024794,0.38449782360204876
0.12248392188863638,0.1582371305225017
-1.3709711186735225,-0.9265191899448828
0.6487974322940523,0.40537635526632515
0.8590617151709257,0.39427274659912404
-0.1183763915924623,-0.47720022301865533
0.3478642630346327,0.388602973678592
-0.5455889976783662,-0.5905977761182531
0.9561807166940501,1.10335738291159
0.21557345416523863,-0.41793679189500454
0.18257283802488988,0.7661190812243412
0.12449293860345753,-0.28820347450535466
0.016983984482460784,0.3778274370102666
-0.5182613846799745,-0.3393994547596527
-0.5681235158087649,0.5165911043085583
-1.0247057458534399,-1.1107380701194902
1.585572544423502,0.9699359008980254
0.5180714088161095,0.6187285892239919
0.4783528889857903,0.2463578330173316
-0.17692819004327692,0.3479421388446627
0.14718432788282834,0.2631506868302374
0.2146714156127789,0.12222858545049144
-2.048651328777332,-0.9112158814838116
-1.6718940022247823,-1.6037204873802806
0.7087040701158666,0.45238462549747627
-0.8504806874986908,-0.17649678726905527
-0.20548682390720388,0.061687935377954264
-0.24639493512923097,0.2871150138969434
0.6560647788130456,0.26743213599286964
0.8559302780303824,0.8624361998275188
-1.7417175932600746,-1.1569192634118781
1.0732532148887122,1.1317150635856852
0.019859502976969985,0.9872176366158751
-0.045786539856278986,-0.4010374662718037
-0.332260877768549,0.503952839157846
0.7304610753947204,0.2796178860454338
-0.5970927935714532,-0.9087656328684799
0.5589179268752935,0.4475561378751193
-0.10842602020732112,-1.155251181466876
0.322010834506303,0.9815693990919536
0.3183089150952184,0.16348740653492724
0.9673041439511098,0.6048165796014012
-0.26306078758128015,-0.27440389328804365
2.7181481140768327,1.506677132822234
-0.0999749318497026,-0.3340759611184874
-1.3664926108851019,-0.9054301009296024
-1.5097610737212546,-0.7321243987194554
0.07562110624540272,0.6357637994730905
0.04573631511551598,-0.03000458309127898
0.49258487676170676,0.6812997323911919
-0.2748568770778788,0.10423330158334113
-0.6179349706338738,-0.6506679386626919
1.250692842986959,-0.010048011555421787
-0.8056569133077597,-0.32259704335555184
-0.8831011227876991,-0.34525530543074223
-0.17006232520556477,-0.6181879421696119
-0.7182227229110271,-0.6495463893948055
0.024167354629311587,0.2597030021350254
0.2611607291947317,0.4784910953267889
1.3551566582534404,0.6227173257988113
1.186694466347354,0.32488722834492556
0.7599982436567186,0.5805525835753063
0.7625358638181027,-0.34513683871476536
0.7885229246731748,0.009080726687501484
1.2828627557025054,0.5366983365118249
1.3698950143603015,1.6263555530250002
-0.9776284468348057,-0.1034890289146298
-0.13235434900411516,0.35089312794128424
0.5249804141449567,-0.06403743634403886
-1.005692909966744,-0.8920270007167754
-0.18734371648011344,0.7655610761262166
2.5707757284641355,0.9872183970660993
1.5382575504906906,1.2798668391614658
-0.48030099323158776,-1.0798354320886534
1.457338746483529,1.0554384575819045
-0.4017837674147834,-0.3626091798671598
-1.4045930483155051,-1.0002902994738876
-0.279209947158103,-0.8282713668230091
-1.1685003086479813,-0.8519932206918552
0.5965382557788286,0.6879885763393878
-1.1409898279540382,-0.793666891589651
0.8729800006058631,0.5296516358827634
-0.3372751568593154,0.372639726822267
2.451057829381833,0.6850576729975154
1.0241552044353683,1.208515598537545
-0.5552752268686777,-0.4500872053817928
1.0012597869459163,0.25079620742149683
-1.9876979430755515,-1.7389909591424333
-0.7380068450579574,0.02018058566309433
-0.3272813666960131,0.3244132661570614
-0.26484076569463116,-0.6560168161395268
-0.32538300307269835,-0.01478607044281785
-0.8226885490397904,0.12978837479859834
-0.8483734116503676,-0.2124258299790116
0.8626413705183675,0.8651489791786521
0.3134579076670941,-0.4406976527879297
0.4739218110374469,0.4968735965181357
-0.41502703892882387,0.2886863372359215
0.10637185780586848,0.00954373172168961
-0.6832984776164441,-0.22380999241970229
-0.7243919513999584,-0.7268984292518134
1.612052008929776,1.3540428434326524
-0.5168781251108301,-0.5474849206383376
-0.7556623184710465,-0.6007825047495089
0.9331381822298395,0.6855807318889431
-0.7926821499794163,-0.5815085138467762
0.92623825907143,0.570335752342486
-0.30484665776176256,-0.45840401995044533
-0.06627800056858063,0.1123120629528779
0.6781488388636004,0.15132154122605346
1.0607193789160132,0.2156536340909943
0.029169419422440102,0.11522312816579805
-1.4698400662290263,-0.935966541177663
0.6597120223953367,-0.559206177049018
0.6061956578674725,0.899085209062821
-1.141529985146071,-0.4421981589394981
0.542118649866973,-0.511461586473566
0.045575586061934556,0.6303380877875173
0.2491529715892593,0.1522835322778992
-0.25251849786912806,-0.2286213503950278
-1.7651431791842498,-1.2965170499802359
-0.009742998297596934,-0.2689898782606149
0.48542043266253204,0.6001268882137767
0.3840417554566918,0.20649626884552078
-0.8349228220782258,-0.4426840272973676
-0.5924449618251852,0.024039099235533656
-0.0011735439010970446,-0.1059567333971575
0.6239007113504452,0.5942447862398675
-0.05882576816530396,0.28470399373619715
-0.7847469958893519,-1.319947605296889
0.3948098356690316,0.38043591227744983
-0.43876584599894136,-0.5911904528957035
0.07533188089001767,0.14161725578095374
-0.32976405589416025,-0.8441168141661677
1.461907317932824,0.7453764397546491
0.2677363186050331,-0.08466474223501347
0.3674336886539296,-0.14032465010347012
0.9861800761772419,1.6361694723334193
0.1769100589043307,1.0886310874886298
0.2837205207288371,0.3738746298072825
-0.605649149800124,0.19907699382714938
-0.0005033092308125011,-0.0064370058277724495
0.6398077263560158,0.7986620608979448
0.5563710752185119,0.5563516731042798
1.0835962233020604,0.6976990334839446
-0.14782698886179219,0.23705338756490735
-0.08223454851848169,0.3111061367867635
0.12110272523120669,-0.13481787049040517
0.5855728472129718,0.2587210974881226
-0.8961775144131932,-0.7931363261883727
-0.25552669778168674,-0.5662939848418371
1.61956657674349,1.1812961724754651
1.014418781237914,1.081818270931778
0.7804655502773736,0.2597358414723908
-0.7000506702681424,-0.7223842721126896
-0.008300871231597944,-0.07521766020430706
1.2957343391327505,0.7677691129427568
0.48956982583209613,-0.5750515785220808
-1.4637971769322267,-0.8985554170785296
0.9242722122891545,0.5475971873834863
-0.9895407651143153,-0.4701051483583088
-0.1684771853450643,0.8669330998273809
0.31257421496423804,-0.3550235925449319
0.9037251535610417,1.2830631002598678
1.9661192880615783,1.2211587681950498
0.5021942725837707,0.6066318060132098
-0.05691929428220875,-0.5722836519132383
0.30126460712708847,0.5588410744230212
1.3684310768491785,1.0779102687089936
-1.3538203119240433,-0.4661802256385357
-0.18944873426430509,-0.3510416225196979
-0.5134961316994007,-0.931648153454899
-0.3188082653161789,0.2756827947548643
0.27297323981074145,-0.6222236897659031
-0.7352555532445791,-0.1365369982123903
-0.7343433343193211,-0.2319433224913281
-0.34189568900402517,-0.15716169443106265
-1.3839958047901266,-0.7679986252912212
-1.1516476671821125,0.08341247894515769
1.6378548553160872,0.10804803876127156
-0.025348314666425006,0.1665435364096016
1.1275687257707008,0.3706684184108791
1.099709183066147,0.7056688590605462
0.5932642536480426,0.5294485621293263
1.018816351929484,0.49784352146537775
0.09721094061642548,1.1146587624432476
-2.1494231056795767,-1.198762658409803
1.0523085729700168,-0.12403547471733778
-0.06047872510333086,0.40680654120930004
1.4918275066589906,1.4975780272290877
-0.10422808792431054,0.15413762654312058
-0.529178390172435,-0.24455745121044742
-2.103970955877086,-1.1391372461049791
-1.595910793806657,-0.40332257955657036
1.5098065634723385,-0.15221766259874825
-0.4098188649888538,-0.5291382046235128
0.5749708784828288,0.02478064176782968
-0.3236914185706997,-0.542537541101681
-0.6215140628794411,1.001386831855518
0.17390773543252253,0.32522417806196036
0.6466610175789411,0.11895925364071508
-0.6088361242192871,-0.7145643829260848
-0.7035202977135728,-0.739848264599699
-0.45474506311775054,-1.1781859803322017
2.39412370073905,0.678652024404412
1.5593610724939762,0.9919372519799547
-0.8710755765160214,-1.5826774021955763
-0.6084154634681863,-0.1510375796990947
-0.5499570641934769,0.24602564427565293
-0.5819095206360666,-1.0668652791795794
-0.13588220163254103,0.5131502035177464
0.7964599015938099,0.9183971909180926
0.21907154513888463,-0.2313075389340144
-0.68463283669049,-0.4012697132976786
0.24897383655046398,0.2648113578414623
1.799187232990149,1.4178922109185153
0.0415149590562416,-0.08979120475723014
-0.9958739165107512,-1.030316643004617
1.5191371912854426,0.9725280372745299
-0.8816376787254822,-1.0694838037433878
0.5054669622253092,-0.2620125372616808
-0.19330865537892475,-0.23407613749383271
-0.02739147410843473,0.2857188346051445
-0.13038357601072673,-0.2559296528075679
-0.4046462103986854,0.20827907095222103
1.008184766084853,0.28120279740383575
0.010387354577112894,-0.3068543022415766
0.011321395562634295,-0.1725269932410211
1.0848009394994484,0.7077457971468951
-1.5587182504957937,-1.2551226367661956
0.002909097119851892,-0.02045442746362197
-1.4786963546622731,-0.19927867398907373
-1.100466446484594,-0.8518155493427234
-0.20306993517089514,0.13180376642754482
-0.5574277643599341,-0.8335965249291644
-0.6473581852087738,-0.3052852325410978
1.0601022963018814,0.569893313306694
0.4065995600230403,0.03419176504911764
0.48572860540655877,0.7787305498529404
0.657251559683997,0.44112644487402586
-1.4693669879103208,-0.9075813137994939
-0.9183286566216178,-0.5780526402638777
-0.4723828156541387,-0.9939357984735238
-0.32467927160443544,-0.516597774906953
0.16576093917039889,0.15477606154890508
0.34098043776697123,1.1370735000775263
0.6799703497772623,1.1081847619847134
0.412377913303502,0.6176915732304215
-1.0697629744485493,-0.8145329420717504
-0.08798276844551531,0.3419991358155013
-0.6303968988671556,-0.09537502585129831
0.5024493704933577,1.1783146298251217
1.9157165441633528,1.6418141959404096
-1.468191872164041,-0.5445944075778304
-0.5010499240005263,-0.7164709451507503
1.4311528712306392,0.4324909446467956
-1.1197234851450686,-0.42510651384963205
0.40561425748522173,0.6472088669437482
-0.17308356103271894,0.2449383750371907
1.6668622838196574,0.8009946503254952
-0.13164743149640704,-0.07387188034141906
-0.6228312179849291,0.8677296088131217
0.343793592947921,0.6671604343482058
0.16138341165680806,0.27323907898988903
-1.9622481694455107,-0.5557844619030893
1.0901060056809928,0.6840669132173701
-1.0720559763525452,0.4245902737869657
0.49804432889775757,0.021282894561230725
-0.4948186601477157,-0.5622425796209602
-1.694298682202435,-1.2233835186731645
0.34705402653523465,0.004672024267392466
0.7140137129356624,0.29445778684332863
-0.14204628871696076,0.1800141709014677
0.5471320368302848,0.9015658193187435
-0.3017315896446715,1.1607177667019042
0.2751429812177992,-0.3681706327987011
1.3858227860517098,0.9016723909419769
-0.07519184485664127,-0.3355189905934166
-1.9549840656796509,-1.666394556760427
-0.9886126683594831,-0.9909043650798737
0.04902661863062074,-0.44608251991987946
-1.2227934430541547,-0.04858459205344201
0.4448361088395179,0.09304134702548172
1.470992873694051,-0.0018894639219761977
1.5118870584507464,0.48326584164243097
-0.862701299923779,-0.7212868375503251
-1.911521654287385,-1.3618682292485527
-0.07272399502968585,-0.21171423655929422
-1.1175949742228835,-0.7349627977785068
1.0447901629331446,0.28511257696568976
-1.4906853873470236,-1.0222719042336283
-0.2534273551667784,-0.4059018742937859
-0.11694661772399402,-0.432088825033647
1.4348220664473879,0.8080847389602153
-0.49430344909719265,-0.6487468794275159
0.08359303387147604,0.11429395858681193
-0.684171274855833,0.014436084143685468
-0.3608430379289756,-0.7163750171969002
0.4285792285635651,0.48299612969968575
-0.46326392584949344,-0.54255134769733
-0.025497396703070004,-0.6192656998232225
0.11627096554347219,-0.20469775862511003
-0.6639159726905565,-1.0235050405876023
-1.142576466055789,-0.852566373041002
-1.0939636865756883,-0.690742355762693
-2.350866983976079,-2.393202346356573
1.4280570278187865,0.7450024311653862
-0.2886130478558002,-0.36955422472390165
-0.6417081354126464,-0.5201365085224278
-0.6512388377063068,-0.14259371389387218
0.3664956905362305,1.2114068695860436
-1.6316073228336119,-0.5506866879050368
-0.7501780154692753,-0.7725265571847519
-0.24722376137291124,-0.675473676310322
1.397313922176682,0.7988786266725694
-1.1304137008955277,0.2922203835039493
0.10180188063094754,-0.032964558540479846
1.446593839884517,1.3497821946835449
0.4113023986469616,0.6119163620077427
-0.5040345010131136,-0.4611498034835807
0.28017558012093696,0.13462869155424356
0.26145632010844416,0.42526286824513115
-0.41935487071786554,-0.6400804651610295
-1.1366896352572755,-1.2331274672432104
-0.28462353481116975,-0.24964378698103729
-1.4326673122257894,-1.1118892138808
0.034793635315157154,0.07468989429410584
1.4412372200375276,0.7713270918284448
-0.5490570287352855,0.32113199384980606
-0.2573677808480085,0.3341257454341254
-0.8153698655575806,-1.0682917246121855
0.5752397185333097,0.09186078666458936
1.617917446041774,1.6197048634632152
-1.321181248524657,-0.9603765803360627
-0.26211317086310354,-0.5495156425733251
-1.3468162284804523,-0.04103410616106207
0.21008469002074126,-0.029975612658417
0.5286753532380815,0.45083922657970654
-1.130264289769641,-0.7079217989496552
-1.0610706274030495,-0.30959557055554854
1.6183288558332742,0.3317554753741315
0.7463254597701972,0.02493607870793285
-0.250363775596697,-0.12946711695622082
0.6525322325985913,-0.47611596539419476
0.6430119135315774,0.5787732140696313
-0.22776724941892004,-0.22914592663152125
-1.060603242662856,-0.5410561937060795
1.6868183920778241,0.8512854652121074
0.5192678111348097,0.13171772807684692
1.7919930378799291,1.127613706368403
0.8966493579166944,0.6302995109818285
0.21851384726688283,-0.1860908178230247
-0.5190909219587109,-0.8162135482649193
-1.8109851469631633,-1.0163897542287594
-1.5081820419278114,-1.4076068582631953
0.5751377326616256,0.36970006308566833
0.4389176979597084,0.3429117729234212
-0.35879535530427764,-0.17145763493191069
1.44181326070941,1.5783735545227768
-0.28306018772168423,-1.1878184466466235
-2.111803788758406,-1.0374625940405486
1.0467311182027812,0.5492001764296416
-3.005855567053394,-1.941052679604096
-1.5976655577335988,-1.1937602092911959
3.2738407789927275,1.2909546588134666
-0.0629943323004269,-0.21386623923928005
0.5421394820021451,-0.23361079415121416
-0.48086236551521133,-1.0363461242784666
-0.8125129881149273,-0.3057854493279252
0.13994352651550984,0.21689148162549515
0.2848179580036839,0.6415612781289993
-0.8861720856354126,-0.4726585425028998
1.9537935240016673,1.1757684299479627
0.06838451918116403,0.023800821731232876
-0.3753965605566942,-0.29231043879575125
1.5180771395233381,0.8170218188061854
-0.49067911716938567,-0.4823079260115082
-0.6812127931247366,-0.10421653936206993
1.3670803889139074,0.9457351666623515
1.6163843200540942,0.5227887469934344
-0.07023731515589204,0.34778500462637507
1.1694644098838656,0.5146037308157378
-1.0965088921016881,-1.624162083329271
1.1865492522826975,0.5639479268926404
-0.42532565507768644,-0.7033472845095363
0.4802602778166652,0.643354807437171
0.7297137070255031,0.15903349014738727
-1.733504246049398,-1.0135322960224655
0.5755259681040408,0.7120614929330995
-0.5644279035489581,-0.2258593664116007
0.6012424398744899,0.7592185540501857
0.6555240733689722,0.29768265596595606
0.6575470793663256,0.3216651454365521
-0.12039325692658792,0.7680632676168861
0.6816604675244191,0.808115967050572
0.8139034170972582,0.8191158450056466
0.3144985957750063,0.6829254161236287
1.1626339329241344,1.1004285332168429
0.15073175572227945,-0.04065841859956362
-1.5289927824134975,-1.1554371545277082
-1.8332671479214548,-1.4761546056685484
1.875486873794376e-07,-0.2460061575096911
0.3811736711221144,-0.5343271600390969
0.8352741890843131,-0.20948752901033496
-0.3998896896047037,-0.522418667798333
-0.25744038379966827,-0.21283381489858022
-0.17787245567229998,-0.15827230310303214
0.9768504535545526,0.08813739413298516
1.3768106610496431,1.103607212640088
-0.221497789877608,-0.18292942239715115
0.8731715943161938,0.5730930246028458
1.7593563221763135,0.46403180121495624
0.19314719462765292,0.19242800972704638
2.249819282781658,0.8179835156841962
-1.4754212247692977,-0.6555968205789384
0.10678486398266644,-0.36761304371415104
-0.15506267638757681,-0.2922545863534739
-0.869383598334048,-0.37217895252059896
1.0546766414577697,0.69635296448723
-1.3034739898409209,-0.9789722437077152
-0.6785394764553593,-0.05559993233007371
0.7344050399121189,0.7287705709204306
-0.4678599905977814,0.08280099446531508
-0.1385761280681025,-0.41376249138866966
-0.2426961563766449,-0.07287992072717811
1.1801530577463717,0.6471585538175173
-1.2914964796571937,-0.4847838044953813
0.800960192203018,1.1875537540267478
-1.0000802605525991,-1.2094362085523431
-2.107024087943162,-0.7177333248082125
-0.3950598463143564,-0.9025484166579336
-1.6762396875606884,-1.2664939796018673
-1.674946476277869,-0.5868496075204128
-0.5051438226777915,-0.4829028891207713
-1.8485762174847915,-1.9067073076652048
2.072701783681655,0.9612521552679183
-1.1688019748252234,-0.6703997257444502
1.9656684256371526,1.3456880290460445
-1.1585938794131447,-0.8883895853184874
0.3035189114274917,1.2271214128420111
0.5759355008835252,0.8022251439607997
0.7302872337193261,0.05269307528991535
1.1312907287157044,0.20952949871832394
-0.7953065050048821,-0.018756319589457227
-0.968388366601954,-0.9523230275660679
0.4591433416352998,0.6200177521711714
-0.7632846952552377,-0.7887433255156655
-0.17669262939720018,-0.8840444284741494
-0.4651505273613387,-0.5141330566944478
0.9813048237878811,0.9338217647029693
-0.4814985462739738,0.19869914281616236
-0.5520314547089776,-0.9781635851416601
0.6697575820507639,0.8753633563070677
0.7824758775647055,-0.4016999105455584
-0.4783722379485763,0.024499605147706993
0.9670975419940261,0.6463290874665802
1.5808593718961064,1.0525025221853235
1.2308675288171607,-0.498519911585115
0.013128469680164673,0.11233941419803199
-0.4631492764969424,0.2519603118476133
0.14153435306120402,-0.8782270775386672
0.8621541323735026,0.4474808207113541
-1.2659001903542908,-1.2197632259691187
0.39201958474067694,0.9572099512646157
0.2795124724569129,-0.01051064837584903
1.1541788573874674,1.5971159032213345
-0.5902449434274205,-0.7861227709453914
-0.2650397341787729,0.10003171313117579
-0.6812140886804141,-1.0909951018435948
-0.45032974574735374,-0.13377372353990064
-0.43146155474058673,-0.41209510656959986
0.002994391693235952,0.17832803362175642
-0.24499618146334654,-1.268522741674617
1.029737013566621,0.3029128735412275
1.1700264391049215,1.128375826570501
-1.724168275647503,-0.7172092814630405
-0.2821008748809431,-0.22849162477513735
0.4303547224116888,0.2747941988620144
1.6149650459786502,0.9423544301611605
-2.6262770535068722,-1.5068307941568577
1.0699497247191454,0.4510545337394416
0.08479559587727259,-0.6078178845229201
-0.416794505941511,0.09383206215613882
0.14212930053201137,0.1613951183432515
1.0134394225996268,-0.2791590796078691
-0.4660513324464151,-0.05342955683718334
0.7257365485873255,0.5333540129361898
-0.8036075290182715,-0.961080844911878
0.1288203373433056,-0.06585868169242837
-0.3834634983881916,0.09126682678189249
-2.0973475163506845,-1.4302888899411976
-0.8398038118195119,-0.8297093126874552
0.635040794826308,-0.1248483233210192
1.4727767850995588,0.8857473490078897
-0.4858982907716005,-0.27591880390831397
1.9187128002225218,1.5505308510738347
1.4043469031401306,0.10261002172624134
0.3235436940989018,0.22955339849630152
1.134603525461716,0.5368185634554816
0.6329160454711118,0.6203169416808236
-0.8181794352042223,-1.1999041668556467
0.38714871008617546,0.3520849349692331
0.2404874790394654,-0.2226065021366822
0.013542153329731197,-1.236098278442982
-2.1256444241617998,-1.9311756452906073
-0.25389288647096603,0.4858251655455399
1.2529439957187958,0.4012365985721896
0.9703112459625269,0.9537944399031153
0.9345090297253352,-0.21175185147732956
0.1570674884299051,0.22494860347413836
0.9787161931350971,0.1553814472627389
1.1297167158869894,0.6449535084090732
-0.3661474990159212,-0.7842926032974536
-1.0409605718843593,-0.6374943217375469
1.3480288474946853,1.0204566000801722
-0.3362932321884405,-0.7072122375781195
1.0082540800912034,-0.37991952242380533
-0.7780130777091627,-0.10067453918108654
-0.32199580857382104,-0.5934156204088986
1.5112982037024638,1.0151564435007123
-1.2134072681734038,-0.7426426307885347
-0.7204846460392773,-0.5506122021986668
0.6739206047687375,0.9279243733217211
1.453558574888084,0.8638568769264768
-0.17431356410430524,0.12114595808023099
-0.1923814953517362,0.5798397464946814
0.877840557733494,0.002935554172444288
-1.0036300245709413,-0.7133751027558114
0.15751977762248887,-0.27434609350131317
-0.26357167401929094,0.1226167717946541
0.7386237719702025,0.9227532220329102
-0.7905519110183419,-0.2735327335310108
-1.0847602148873983,0.2178728245934033
-0.8512886765042054,-1.1139118307069413
0.9969504574659046,0.956580367643117
0.8395859548394934,-0.540181407274667
1.4177426297177784,0.5764897889253788
0.875268331856466,0.9479037641426673
0.3164148531528672,0.42643693996341525
-1.8931215744691487,-1.225891873675518
-1.1359251569674276,-0.6115280714973095
-0.36436576111083685,-0.49353769497071787
0.07292514033219973,-0.2728017418139234
0.9034603714522469,0.0874394968656213
0.9382980007087186,0.18069392795489558
-0.921201241095676,-0.7046775892388748
-0.9848390673586734,-0.5730741253958314
1.5147470795428357,1.0919068658522084
0.05764721463625246,0.5506528416513934
-0.4144725775793696,-1.248611550669094
-1.851078498833274,-1.2506290274559728
0.1955528524408774,0.1830541239255407
-0.5182701066590419,-0.24444430270177872
2.0781101388036705,0.7139460365091969
1.055894869031314,0.7963073232533029
0.2700181305324157,-0.30556498463492354
0.018620725028738003,0.32105058478338866
-0.3309471152011005,-1.5474906232148116
-1.1940301502617354,-0.3725498266489754
-0.02133739782590283,-0.7595530424676015
-0.3592940731005402,0.1792713819336264
0.8537804314679324,0.02314995643231127
-0.8658601816521677,-0.12807973276897272
-0.13614724855781046,-1.0112170587410094
0.9231373633653558,0.5295083018588111
0.9124599127549397,0.11852204100833802
0.07396542915773091,-0.35075664724803074
-1.1841969133125947,-0.6212085737200179
-1.0430143017254898,-0.2020676156608482
0.17297489222769716,0.158333388329642
-0.3002086855869255,-0.42876724962514534
-0.5641829794338376,-0.1481612113846889
-0.9581374738708947,0.03187009074098168
-0.24420180616970885,-1.3179738831172665
0.4729044743412118,-0.26027526574706095
1.003424094477636,0.853151144514749
-1.11202530971594,-0.19485645158309955
-1.1831622661808092,-0.84376177372499
-0.38200693185214457,-0.11925832418735278
1.1272789721350058,0.9638187584278546
-0.9764987193104921,-0.9005198588195071
-1.020437580004495,-0.3095837709571078
-0.030396035381133817,0.5558326364835151
0.3828564401481425,-0.4110116769120743
0.10716090104058655,-0.7399471159004646
1.7454839443350083,1.3184434970706578
1.6770017042208798,1.122077543315905
-0.12214312364814378,-0.844919384669873
-0.6276122606841765,-0.6939795100116052
-0.34758425806332977,-0.3275080108301273
0.901085938836184,1.289977558558376
-0.9419300138640464,-1.182820385255807
-1.1600565819956703,-0.2968819881405335
-1.5793863909748458,-0.7521960585227176
-2.076118900670328,-1.5231019336471296
1.151511988630597,1.134140210815474
0.9032108875301285,0.7764822174983967
-0.486501215904878,0.041946065548531086
0.4614590148438543,0.8400411395917986
-0.45585871884232987,-0.3655511882635756
0.4567388563532397,-0.7226741381614149
1.7739486782418896,0.3037432146472826
0.16204539886042102,0.2100217010771132
-1.5022226687387341,-0.2683390175547655
-1.4595664642105897,-0.7707933680533291
1.5835796220082137,0.37821128878048504
-1.6709074695118704,-1.0319320302557944
1.606001139223298,1.5104140227294043
0.6736546328629719,0.7868012865589151
0.07491279758101677,-0.3865057572476433
-0.0965923169653468,0.13395028437038842
-0.1202158540362142,-0.13133986856637422
-1.7012999451468704,-0.855945166135153
0.8482029682612106,0.832687058341994
0.7864501386500152,0.47202168352209334
0.03225732726342179,0.006846455279726169
-0.9219757465493498,-1.4265525238451262
1.2864487071663784,0.577191637330595
0.6081478664024278,0.6244460454087788
1.3518283910326931,1.0433815299604263
0.0851225805313399,-0.28902782176635217
0.7075499311954322,0.7567282209732051
-1.2779045092765775,-0.8150487969273021
0.4357660664691396,-0.28128035040097993
-1.2067961116603665,-0.6940274258193573
-0.09788470519733819,-0.031025067093770294
1.020228238460589,0.40332201919585786
0.9015778253027146,0.32189517933268774
1.2453752115879781,0.8030381717513169
0.9393999060672105,0.4443213463321435
1.5832130011533532,1.649115798958051
-1.5724924379605143,-1.4155394487836295
-0.9635431805109211,-0.4906739944148227
0.6008617435777933,1.0127234130686804
-0.9347680142404527,-0.745692623161917
-1.1668661621525354,0.03613775687381893
0.29975531459812094,-0.3479275972529806
-0.8412465565042518,-0.7442739907926044
-1.105905529717678,-0.8849841673535119
-0.7505389613080766,-0.014025930062176839
-0.003745393335754853,-0.08965252868799607
-0.025141688750976967,-0.13986317538478796
0.39372674539448316,0.2253398144931673
-0.8280756398071915,-1.3607407459972225
-1.1735293318536815,-0.773632466940063
-1.2512473621815845,-1.2458761459924526
0.508019868437636,-0.21055181926151378
-0.2633800142099073,0.1813565007700619
1.5107145044610828,1.4716292046875887
-1.779792963959651,-0.9153699421362419
0.27237948191169203,0.627066869172061
0.40119256122613617,-0.5833473771864397
-0.12098656102582205,-0.7993309781466308
-0.9276920040344628,-1.4973191039851912
1.2715832320172868,0.9736554832266436
-0.387610929557974,-0.33213763322665013
-0.5627935689119933,-0.7645356591029591
-1.169942843150027,-0.712084845793089
1.4749368439576556,1.4619759908140524
-0.6569042008739173,-0.7375141616984616
2.0285579533032796,1.5019061008915693
1.2710925467273038,0.4069098151489323
0.8024035966896387,1.2943634390710328
0.898463599421189,-0.1064013946642437
-0.1984773064563751,0.24533074357317805
0.5487455530462814,0.06598990940385702
-1.127687651140462,-1.40463757156861
-0.131116257304375,-0.747586098474984
-0.01094969898190647,-0.7808512249140506
-1.1264559823456635,-0.8245116569943508
-1.5118681568834886,-0.3420360128325747
0.5827907596772081,0.10039871100272213
-2.0095590120989124,-2.4696888540136923
-1.1189078145968638,-0.6958900813238481
-0.37469496785981,-0.8420855011595844
1.387255306313351,0.43170666643933925
-0.06555660835836329,0.11337991771623974
1.4667767174528257,0.8309420397627223
-0.015418725139721602,0.6406988576795983
-1.7107807624917137,-1.7495633141584077
0.8839288559074907,0.8429538720514715
0.2108819950182234,-0.023089620957635226
1.3305707757127907,0.6142841760293125
2.272793491487982,1.5660576190533237
1.1102579054862658,0.6115819655929802
1.8619781284097592,1.6804348815647903
-0.11452275077648931,0.050576327121416007
-0.09098834401900016,0.38993893857941375
0.21744966498739682,-0.12958752377500368
-0.8386966649750708,-0.4872065253492738
-0.9914076457728093,-0.04220264752229108
0.2788956362650575,-0.3401770671418932
0.2982026632043158,0.5153041699575103
2.193702030928057,1.141056874354546
1.989295562812942,0.907158977212511
-0.8097639208336472,-0.9489701282860964
-1.6891448795375876,-0.3868331685654923
-0.7046871810909026,-0.3010165294518453
2.316338378611176,1.878558041753272
-1.4888249549426558,-0.19805869336013093
0.6224677513765039,-0.7316010865680531
-0.7958947966058939,-0.6341628906661803
-0.28608580284899937,-1.1989617899837965
0.9824894811744255,0.16871806350589208
-0.20329300455559737,-0.07199758423867433
0.0380574085426167,-0.16422678337551522
-1.3644961999342882,-1.4872193029524647
0.9413498134317216,0.42745745329797924
-0.7197365772785211,-1.1000741441911464
1.1962624178866819,0.4541452779495816
0.05560483827432283,-0.2997680355745828
1.019325701642576,0.8790613829818434
1.3061234231037921,0.5654461447203621
0.2530862407831038,0.3681522821734322
-1.893235392536974,-1.7731860967643964
-1.3994767498796277,-0.5269575113592131
0.2637249364393177,0.8901541063654927
0.2558218239010931,-0.14955775921083522
-0.8263079545951466,-1.467581976652055
0.5842946131921456,0.5547462459515096
-0.518610166104775,-0.9033889330456253
-0.14718383406860155,0.4592805951539183
0.06325923838412721,0.17979676462607833
-1.8118976237463311,-0.437163830711468
-1.1693702538865796,-0.506466655123589
0.3235180209920962,0.24683711318646545
-0.9790335331778144,0.09935844764306268
-0.7325782053667479,-0.8909436952655357
-1.5041303752363882,-0.8918888459387571
1.0973763648903214,1.0358815811988484
2.311877131377353,1.3213877113500212
-1.146693174327373,-0.1469300947928205
-1.1412403234107478,-1.1660257287791893
0.22589278131546725,0.11204836624036371
0.8198441226310874,0.029107990719112964
-0.826998797165853,0.5487661941553095
0.9350745483960549,0.4119460733089827
0.978990978796195,0.06686180906635064
-0.46888850321599795,-0.06974603418440331
2.6888380540966117,1.1801050242732525
0.4683197035382343,-0.17642630880739602
-0.6654536539360222,-0.9427497723647575
1.3749106817550276,0.49925217987759846
-0.819139987715822,0.09299472404602471
-0.1829770912334951,-0.24549765774494842
0.21148023795313528,-0.2386235502681568
-0.3015038822877517,0.08485626536813531
0.6969122246457694,0.5414514389237854
-0.23297452087952208,0.04200303209616271
-1.449252978756856,-1.7729718496790081
2.751527998214338,1.6358701282740058
0.5807611489559051,1.3443973962323914
1.2169094665698361,0.9954433792929647
-0.5511821870223709,-1.3394875362024887
2.1823190366094773,1.581725696545719
0.6253726318507933,0.823830635400594
0.6409934115391165,0.21298529002197308
-1.052998566073268,-0.31318443028662896
1.6579762961333495,0.7785499314298124
-0.9545634082221686,-0.8548419866639734
-1.2241921845540706,-1.271414832058044
-1.4304449485944932,-0.9524468959507217
0.5446295207501297,0.3021292921657369
-0.039646372784055854,0.04379618442770297
0.7219259552197813,0.4937453874670928
0.25668562868162553,0.6816660868731664
1.9420450192484853,0.8647876023984522
0.24664026472313844,0.2910483249004402
1.0188232583154102,0.19808210704810997
0.2574912439300508,-0.2298598973921138
-0.3069906278101336,0.5097325197779353
0.16448380757337647,-0.2581075332302897
-1.0165510034058813,-0.7725846551981135
-0.3820946346680794,-0.11612031491323337
-0.6754051055334298,-0.8324034151986641
-0.9768562195621268,-1.258029950476282
-1.4340702299885775,-1.0140288124138297
-0.23647753420781834,0.12967391714133877
1.0851790074859613,0.41679907541722017
1.7219645967552146,1.613378000650628
2.250533357067596,1.9613553329881364
-1.8761026177441014,-1.418550681893678
-0.06929993175441604,-0.4995332562230161
-1.6048312009425174,-1.413192331381261
0.3577371427241941,0.2063638717339636
0.4965241231070794,0.2590866107817548
-0.09765553228024652,0.37794648315659934
1.3548387874994143,0.5044530021036153
0.6211107698469505,0.41995576100280807
-1.3562423545377968,-1.5003156579759926
0.3872943114637259,-0.23396855194917043
1.159496137571731,1.0721408620422206
-0.6112330670692402,0.018442449802677396
1.2899682093599547,0.6121000682663391
0.2164195685565277,-0.003345419466577071
0.4080857143152349,0.45463489752077646
-0.21942876132030903,0.1901679580662465
0.2717373886431292,-0.1593179864011923
0.6191298390431929,0.24828796459297126
0.35778019413417383,0.018076456222731047
-0.3526967624590635,-0.46601454471232145
-0.5839250747110992,-1.4729771908891065
0.266201540440017,0.6701693379198057
-1.5344861993706902,-0.1525476631774234
-0.890957192934135,-0.3471614718327831
-0.5617341073833612,-0.7310539516401896
0.7257517473688072,1.7308570849289067
0.31194597236814636,0.400385147694164
0.25731426055909795,0.2796604091698719
0.41879309406065046,0.7514093378224376
-0.5285482464644473,-0.4540906579566607
-0.9234538573151905,-0.16648615595616767
-1.5584449047853648,-1.0275674641949981
0.8040212973901384,0.9778793918848627
2.1571248271620065,1.6527363931192893
-1.3025014819695433,-1.645092611378594
-1.4587425472035838,-1.7613218566198974
-1.3616407821501242,-0.8696735843900338
-0.7722843173563043,-0.6564939983968926
-1.0928038749476505,-0.8599950009839119
-1.1222709506464994,-1.4081182040470916
0.7120767526432414,0.08539853865740132
1.6506427495141611,1.7364975220984946
-0.38534206730696435,-0.5211794378002806
-0.7062860916207303,-0.5878146069549954
-0.19629980282631268,0.23941806036463045
-1.4741721880068928,-0.6040663362335909
-0.6085716530763939,-0.015616792455918127
-1.8664239362614938,-1.3910424923335805
0.5566648325729975,0.5518895994598582
-2.860623717357641,-2.26930143456885
0.5656461333397871,0.7752973650884356
0.6580721060439627,0.40839232964661726
1.5938865616593516,1.212653101268344
-0.9111281279224238,-1.143568235723144
-0.32057215951635853,-0.3665845568751769
-0.714707309431638,0.18482079987154182
1.4312785026762997,0.2986596760503861
0.5401376674282178,0.09065865680118368
1.1201461950188483,1.3507277540193858
-0.8353546065916391,-0.27359095998187133
0.035822450835424256,-0.23089798843699422
-0.15376586808296608,-0.5747609618700839
-1.0366633889081964,-1.045582153310409
-1.3863051228249608,-1.022079383573505
0.16542014698119636,0.6360390631500713
-0.9930217165630865,-0.3676071881699081
-0.6827250855500698,-0.0036953929707940203
-0.3636390768297604,0.6140959483942151
-0.44362188940074637,0.20517157671196495
-0.3913541009169851,-0.8555501708649431
-0.30283272651851945,-1.0566523992440373
0.6381718033464109,1.1879734944901092
-0.5836264637566517,-0.8399831442631327
0.6195595389305699,0.44347342038666604
-1.1317790471500178,-0.9561601114611834
-1.3377024376256081,-1.9292322311095131
-0.7837867065276453,-0.4230646377151207
-1.132776202917776,-0.37425951338058067
0.602180998191871,-0.39155877689079466
0.4387531008312378,0.8796981699219575
-0.6960947557421949,-0.8310912750142514
-0.023885816099094723,-0.5481961227816466
0.057389455582567125,0.41812722186695817
0.4773308234387269,0.7759458112985594
-2.534719175438623,-1.992040396904058
-1.2576305326732156,-1.059973237920841
0.19954090369775684,-0.30350188304429637
-0.4282261142524237,-0.8798585320110387
0.34076636111096004,0.03880451576795116
-0.4455685823033359,-0.4333245691805868
0.8459579992921622,-0.6044612708642165
1.5355250335832715,0.3420723605434044
0.11488758363070656,0.03458209010985939
-2.3356136509087815,-1.9234355307720201
1.886952508939338,1.1999781776900236
-0.5667184582645156,-0.7163629874468411
-0.39705635977795056,-0.034315994584040915
0.12507291063032358,0.6792596611064674
-1.0666078550168328,0.03167244341704745
0.8812391265535073,0.44002007575303037
-1.0378853020298937,-0.6684821662585377
0.39592890675372006,-0.022980507183208237
3.011106372610611,0.8849894518624304
0.34071483454017687,-0.09754063536650329
-0.5327121334568923,-0.6219885748880758
0.8732430795723054,0.8926319941418712
-1.8589722803409405,-1.5678124269391718
-0.525549548337546,-0.5132288624732724
0.7080574819801024,-0.21742190528838934
-1.1508603697789552,-0.550485055919429
2.258205601218237,1.214065457770881
0.9038585326287351,0.9266709749433919
1.107323388354779,0.7764783255115013
0.5404514895288296,0.858018366647207
0.4107343573809871,-0.0362600609507705
-0.21789919870636373,-0.903889462210911
0.3847147409099354,0.040261785474062006
-0.5551052737461571,-0.28659954465355203
-1.4053035717204034,-0.6016358170444132
0.6151010614696533,0.7263881714706009
1.0707948442780382,0.6190759731727771
0.759937977507326,0.57916298128515
0.7258357284677865,0.49189832235690767
0.6727747145224734,-0.08834501330002653
-0.2999821355823929,-0.3184073247669724
0.9120997836620375,-0.25302066888442454
-1.3856378526352462,-1.0868904270563515
-0.553826719659233,-0.22179085558557848
0.2192565806617544,0.5810931641319517
0.2778962657649487,0.352823204247656
-1.042840778057986,-1.4792667661617827
-1.6382516052765685,-0.8248432609806021
0.2749812169101514,0.007228363055620246
-0.2465692969023534,-0.4955407934789222
-0.21704067165228694,0.38620217560946946
0.2973597568628334,-0.19815188958881821
-0.35923062636368613,0.056799218625406045
-0.6691961965029,-0.10570337102743038
-0.16290881313431066,0.04617416565837354
-0.7766289066759533,-0.38439404141518785
0.4470354158313365,0.48104137315320117
0.9636617667812281,0.38863526054971476
-0.006523405063931174,-0.4350870263534083
-0.8751490011385473,-0.04799164745247325
1.5019138324327295,1.0989874349759892
-1.2970743930872923,-1.115816333680337
-0.5346488794873728,-0.002992565586004081
-0.5463959481939783,-0.2290120967553766
-1.0437434017264167,-1.1902666635523502
-0.42528935007459273,0.1950150752714001
-1.6019616885358046,-1.1573633858908878
1.276064939956962,0.6797729337273751
1.5588742275536571,1.1805418928649898
0.11690621378583853,0.36227001301864337
2.097978878907565,1.555093540651174
-0.7172484229822538,0.19727787647852896
-1.1295711871106742,-1.086226888093821
0.5908604333639667,0.8136765079483043
0.8370421362030855,1.057729169124555
-0.879570270605453,-0.8306819605564797
-0.657663866018983,-0.7271237416009706
-1.6757278641792692,-0.9261689370404912
0.6186728021358414,0.8233079501423355
-0.21861949317605653,-0.2690837782286262
-1.2244897753164816,-0.5056281753045289
-0.2968822610905087,-0.7917948379893402
1.6420163823514744,0.9172406795885467
1.9558256827730156,1.8969561550357326
-0.16381011153271383,-0.3633804501451432
1.3687610394868415,0.7218789928148582
-0.4381322629493728,-0.5377685710190592
-0.37132115424521,-0.5373962741959869
0.024621229824365883,0.15249607763997813
1.25899190905083,1.9864836695445056
-1.801094773446173,-0.9797176356569444
-0.584513405922792,-0.4980228919459847
1.8165153525247488,1.1202069557218317
-0.9739398619414312,-0.8269920860158366
-0.20559635966686757,0.4450551097234773
-0.3563008936183119,0.3501648078063825
2.442390168925189,1.1987597573888173
0.8252035366396555,-0.44176721140596836
-1.0083854602342908,-0.14879865009592608
0.3465153560843098,1.0120305859036807
-0.7892823520947788,-0.8262471413300849
-1.0579793585812964,-0.3341284335369656
0.0375400960506393,0.46758379786826926
0.5115873458396611,0.1398681561098032
-0.1200648773085218,-0.004924412483282931
1.6207325425404755,1.4973392877436735
-0.5598010267953821,-0.09847436296567649
-1.3912799680137937,-1.8251364658726823
-1.4651312873810176,-1.0047250732403081
-0.19818292423552475,0.34903624077682943
-0.2784442341005213,-0.5869146789786692
0.9980860641378748,1.1193558773175147
-1.5181620022956188,-1.0715834605438495
-0.5079630475610519,-0.2651997610369572
-1.3599666124123366,-1.2173565997340867
-0.10377071815650771,0.33971101827073646
0.7280111748206931,0.08944792995965084
-0.8045844089281925,-0.41613625197954957
0.248294924032696,0.408797912968225
-0.9894661261758169,-1.3443510046102083
-2.28441551476004,-1.1872743557305352
-1.3263573589878104,-1.215271317025449
-0.9575292646487744,-0.531213128759439
0.3508286540352404,0.34414073044349636
-0.9315149968625386,-0.4413889893027876
-1.519903823909941,-1.241294786036654
-0.8105757351636061,-0.7297112120601766
-1.0134892759985084,-0.6825594422634959
-0.7013186596188639,-0.49668810518726114
1.9014812926267264,0.7159895648414727
-0.4384444910004157,-0.4563753335084163
0.6791891855784817,0.49197643693124327
0.19982065974721466,0.07856193786594606
1.415032224157371,0.6946551255245262
-0.2245712413120837,-0.6436429119145174
-0.958843557698804,-0.07331144252823674
0.11560791405057269,0.37043202055019314
0.7447789447103073,0.4566968694552562
0.5225967532225624,0.26142368521140175
0.8140723610045442,0.35205295102447964
-0.7915685064601534,-0.35261152516827954
-0.29583820638899466,0.6977014505884552
0.2109342334995953,-0.41207976276034575
-0.10161823371292196,-0.06892379964465681
0.9009500552172008,0.6634267353058946
-0.9210000417214863,-0.4528941617913866
1.052005936030656,0.9610794743979026
-0.4044002220412434,-1.054881425173382
0.15306424888178646,0.42303557710284273
1.0446402386170026,0.4167411069467902
-1.0166850543975103,-0.10321566839310226
-0.4788788544276253,-0.5067311817859322
-0.0919158920545902,0.21701394634359616
0.11692517101697271,-0.41420134977394407
-0.5019611364777858,-1.2057979216239436
0.5015622114427865,0.07989762844538206
0.7161414391760649,0.30354204911372884
0.08740338702291023,-0.37851276809121026
-1.779068802708328,-2.3881289398084355
-0.33283384468895444,-1.0989759126016065
-1.0422363044291763,-0.9147332401525754
-0.3082426175393309,0.18018871879702794
1.2935041853201907,0.1606541782763945
0.05057808428987829,-0.14140174397520297
0.8970957546667112,0.00022276836598000838
-0.943416787659886,-0.46940937159478247
2.1529581987961817,1.3364715755434546
-1.8520137373515742,-0.42829591255085364
0.13918822250825352,0.20408165073874582
0.6677891637934155,0.5273964810865539
0.8785113190232305,0.37367351451945996
0.1138178041892138,0.5671530334186681
0.650070015754082,-0.04523407100998006
-2.4647543348279406,-0.864653528687291
-0.5362786886973718,-0.34868990473871675
-0.6834870627274698,-0.3318475258533837
-0.28148544056878116,-0.11952645681872846
0.42966719792033303,0.3711463399403265
1.6138605131880792,2.0722856007025574
1.3577120502980264,0.09850698411037895
-1.2733962304522741,-0.7794875436733338
-0.7546402163799065,-0.36196917027944175
0.19685697943934882,0.14238503088970875
0.6854484432563164,0.18689130650959349
0.11847984845045947,0.08589075085301551
0.8218245922584182,0.15281107565307406
0.9474868830930385,0.5800101655151325
0.3196795363340488,0.45285873412882327
1.1373910942308079,0.8635859154207051
-0.8401322302459697,0.48470510556715973
-0.5733181932306706,0.26157332915221715
-1.075834395964938,-0.8426566204295207
-1.474058581388697,-0.8212801292197333
-0.37757922859239823,-0.9465024994238206
-0.7611870432376673,-0.36620811025355965
1.3342823413054163,0.3788228194823532
1.3058523307878926,0.5768104835621473
0.9533347339916292,1.0841712991824624
-0.1168297301560899,0.2757204569004115
-0.6078816548936068,-1.560103620053463
-0.8950796429961386,-0.2247051574084477
2.3621354176928357,1.5569066371149338
-0.6335555690074876,0.35121300591330906
1.6420989000145407,0.6375765844758399
-2.9359208256509777,-2.2112296742535227
-0.7408111335996054,-0.4949589713705894
-0.5379510134273895,-0.9747757632034115
-0.34385163574741584,-0.33639798222882944
1.1924645220105543,0.6344110088925139
-0.1815099265594235,-0.09772756172090158
0.6757153680698331,0.7957633748618232
0.2072318472587859,-0.06800820732886037
0.573816027711868,0.9053323385763559
-0.7939577380697341,-0.3652654591939432
1.3320352432161688,0.1189207530188231
-0.1683486540307382,0.5254057488422539
-0.3110678070365471,0.4087008183229225
1.0716314072489086,0.3585861628137212
-0.8196797900800926,-0.04684057561804489
-0.8864137455804308,-0.9297148754307549
0.7441406373352683,-0.03320145841380334
0.6096351660091897,0.5772474428132354
-1.1089843961680927,-0.6959142833438323
0.6561395717000518,-0.20992421289282892
-0.40239382117655836,-0.7481999377561399
-0.12920303267809824,0.5207463535255792
-0.12974943705020492,0.15747082577748528
-0.05601973401016076,-0.410104769945075
-1.4601371983253375,-0.6277817706240971
-0.9260467170746969,-0.4355963998358217
-0.7386763471562472,-0.5972193244933341
0.0589570707286073,0.511684970474047
1.4718050196419623,0.7088270724676371
-1.5460952854797878,-0.6463658631664722
1.7244893784763993,0.754763830073499
0.10861575577580768,0.09879298204167591
0.28111446843452387,0.5878341361924156
-1.2221257428037386,-1.4117186423072412
1.0914644585122872,0.5535499787625568
-1.2451977049258012,-0.1621636530668472
0.014774948007119836,0.7260323021248121
-1.5644917650197365,-1.0193863998141623
1.0035885254645538,0.8410035718380605
-1.1295263740981283,-1.0401510408925416
0.5780122663467457,0.19401011904672838
1.078286464716584,1.3969729406938631
-0.005829790725915552,-0.582509306592925
1.762523352719316,0.4909750249180742
-1.8867085027829598,-1.0981247978311794
0.18036271815425037,0.2161856938274916
0.7443738523918974,-0.1435870646601473
0.8803201453660475,0.44684415281670303
0.07525150191473103,0.14119126806165028
-0.7409145509513042,-0.12017187700739607
1.2700516333658232,-0.21018146246172964
-0.727746345074728,-0.6429682114663163
-0.385012422843369,-0.6217313479332196
-1.4056909508020952,-0.4616433969044098
-0.7478004241717494,-0.13619941219914145
0.6649219193449832,0.799947481649462
1.7723560828481038,0.5739770563855786
-0.780622869658992,0.008691751490100819
-0.08174821276816846,-0.09091874915527029
0.9555204622016436,-0.10683102998638783
0.03782022929711055,-0.23286716173986566
-0.7791498921023211,-0.7821005680716663
0.9746228864448657,0.07132653726084226
-0.4585002567412215,-0.27844962062753087
0.34763128170343005,0.5624415472111921
-1.0102279578363422,-0.39805318773402654
-0.11432058737008503,-0.41058991443454607
-0.31292628991169535,-0.8660008881568289
0.25969851820689677,0.3921489632939252
-0.9640630932901975,-0.45344301824262057
-0.5850683901710576,-0.21181534999568738
-2.4531638569689855,-1.055730682367028
-0.43959366036225955,-0.7690388169256344
-2.4243276814488195,-0.9541723680673061
0.18935707375382416,0.43273350257806564
0.7712077269701877,0.07366766011632386
-1.6784117698375536,-0.8354383134972756
0.5478631077879533,-0.11645340635543472
-0.08439913896664207,-0.49361754960221127
-1.1374746252756454,-0.14298771657819498
0.37741477792133277,0.262014492336674
1.0409752350015884,0.41802019635872345
0.9930729968353778,0.3901671732977233
-0.25103258521740995,-0.01859221148815987
-0.03570480005148956,-0.2777386357856377
-2.4892784894188345,-1.2474264611793642
-0.7257772191140911,-0.7734261519880498
2.12713120704961,1.1412360221684912
-1.00775969348495,-0.8243958138608856
-2.134706471448208,-0.7909227646132329
1.354217699715321,1.1213598750409246
-0.904570841227562,-0.4328819746616135
0.37088084779954766,0.06986930152735424
0.12154089621276015,0.3764794677266635
1.1638941209482376,1.620663307175542
-1.123066235627424,-0.4668993928051491
-1.847632845738571,-0.999168119265453
-1.2795051135420725,-0.32926700005264
-0.29667449862768097,0.31417893622047766
1.3199419301068092,-0.1497561345959466
0.14218742871463322,0.1320924589383288
0.4723028668211901,0.34714760574454595
0.13085394149043578,0.3689519615290307
-1.1380333148376263,-1.3474129302939537
-1.4920580065013596,-0.2062456346220065
-1.7203540941350683,-0.4901851183146052
-0.5613085964095478,-0.6323421375150202
-0.3556858003784692,-0.05412056085491193
-1.373755907541416,-0.5619569514947271
-0.4180311639477994,-0.11326130736352202
-0.41239180486102417,-0.525521736457286
0.10678073052694319,0.062313973718069605
-0.39814570330053256,-0.45805818400714104
1.0316366871118987,0.841860398660219
0.9465923810262789,0.3819260444709765
-0.41084829210140406,0.20898903358549642
0.5731878087238901,-0.31096506508041444
0.1887312883533101,0.9056062810035562
-0.24333231935018124,-0.6964539552880488
-0.11984898600901406,-0.5801221703976442
-1.4960795094607233,-1.2464684326776094
-0.44555340885164996,-0.6390566242456379
0.10932302677249787,0.4260177640062063
2.2250421132044496,2.5416972417345995
-2.2500283071723923,-0.8576917662779893
0.7841705905960121,0.5831715600365699
1.0507201624769353,-0.11160388232471852
-0.04102890112017196,-0.8136824849203498
-0.4726674171604095,0.23366349535899744
2.019419913610757,0.6817937242753072
-0.6065302521292099,-1.5787378886417431
-0.6334891736748531,0.1248778291937575
-0.1317926998018048,0.28017172543986457
-0.9112850195264288,-0.8101293813223658
1.9399843766089495,2.42304321782502
0.9387130940252022,1.09423185358711
-0.7547072339395888,-0.393983546626449
1.623713211780233,0.3299184397472189
0.4353202185283949,-0.09925638899094374
-1.7325976662677043,-0.9345475250586528
0.09426103470383387,-0.9599386716510747
0.6533239428540558,0.7042093508653964
-0.8236981511157668,-0.8240916906309106
1.4015226390721889,-0.03387860617288396
0.24192128661778606,0.8121155727257149
1.2748693582999013,1.27331113564447
-0.27644330180339727,0.6386974600332569
-0.2032710011546256,0.19397241271553117
-2.4860355410993553,-1.4388212379440661
-1.0902627913898284,-0.8970576731140718
1.0564276498607774,0.13700434468428468
0.461678799935641,-0.19472258033836543
0.17300429671136325,0.1768539980871714
-0.5526750757607649,-0.15581346419177672
0.9022416638311658,-0.052289200243590184
0.42621782095459104,0.25880575016800744
-1.176371445784221,-0.04237038829408557
0.3731209728745982,-0.059829073779966935
-1.2933571630377974,-0.6858475665423147
0.7407284123156497,0.3827476506754568
1.08976875288819,0.3971383421790811
1.3771466682249351,0.6123785689117992
-1.1967794676988794,-1.525845009964804
0.40265670258336406,0.9981426451583176
-0.3935796856603677,-0.5583239757188643
-0.7477607448581071,-0.5821817252546839
0.8679821456599602,0.5497365650952233
0.36145933005813835,0.5554629506093886
1.10911573408749,1.0910244066914059
0.578147455634628,1.326850016338958
0.4127038249567409,-0.5374951323934908
-0.16812970141942313,0.1871794491281985
0.4137737655524421,0.46037508655185033
0.14769549275665175,0.21229648245082922
1.6053384068757388,1.8970558994122637
0.8775042352796634,0.07832061170080334
0.6254675675108007,0.375099529202779
0.1274660366024236,0.6887914317419281
-1.2294908717370796,-0.14454321661470315
-0.33479588286952566,0.09116382252401214
1.5077162780390434,1.2963926619159376
-1.280350376594164,-1.5091494811287047
-2.0516725755795155,-0.6738919686707436
0.14283645951357954,0.4819116776731903
-2.0282745346973243,-1.4756541733888475
-0.9487588065632878,-0.4830497921802011
0.5301122003172484,0.24299957359940078
2.402722804700583,1.7648403294487354
-0.14949524099529654,0.4477588063131507
-0.1634883493600372,-0.047509025194881246
0.9525968800212637,0.9195599296981308
0.7797947389119636,0.2947133338318608
1.2890636310215293,1.838693624350777
1.0381693430661154,0.7024365627403876
0.050940933596922554,-0.4445103886835704
1.4550731327637767,0.6917370431464427
-0.012530551767376528,0.036909992458181544
-0.8288088635004914,-1.0665187347987906
0.7932862802376134,-0.20203946037553577
-0.30591071072857157,0.10416768714924099
0.5384265861598365,0.2658157071909405
-2.7205947513445006,-1.7434709341052246
0.7470134804929057,0.5158720005714369
-0.5785733954916001,-1.443779930846505
0.01306454421244759,-0.2899346613038894
0.3030019631119159,-1.003553006077178
-0.8190970307671437,-1.50075489800016
-0.6513011323394587,-0.3325651885930355
0.20842244981720312,-0.45963713817210305
0.5091421213756039,0.06952191878016081
-1.6485538125119754,-0.16562053600263849
0.5351619219329345,0.15162395057913083
0.2702581888131894,0.511580601117777
0.6316143156394282,-0.21362271478835265
-0.04731833963964988,-0.025923197976643626
0.8219363788545501,0.8730132051514153
-0.4150103245909837,-0.1889665948391094
0.6569721611847842,0.3444994778865206
0.9816058377916845,0.30977510730035934
-2.15097286869943,-1.733594014990116
0.8319162030941902,0.0689119339427069
0.19576683984659854,-0.1873788013535545
-0.5072954254377494,0.03631192104592651
-0.105422894730278,1.1075891801713957
-0.11237219685214443,-0.026682315514049572
0.2134019697716233,-0.325811282807014
-0.8662614324265588,-0.2325816472283906
0.029954159749416866,-0.5511456769998101
-0.6666964207895069,-0.2680720267782679
1.044783111248588,1.2209675339264114
0.46560695366794524,-0.42107059797122703
-0.5008807164012746,-0.3295262206317407
-0.17908540628695835,-0.6014995515708838
-1.816362980228273,-0.6249416681324804
0.23573901684780912,-0.7163185748351166
0.5111337322356546,0.3682006212061796
-1.3667441874960224,-0.5708471546905571
0.4651403329577385,0.7630051969510429
-0.3670330368375226,-0.22474828295838573
-0.5478697898486466,-0.4160632558412476
-0.726308613071882,-1.3637001004615026
-0.20962829735624464,0.00190103269946576
0.0036037684655758134,0.8203576321758661
0.04976333850678203,0.0264016524283504
-0.03411960591232476,-0.02427552501992216
0.42617623291483203,0.9129821358614197
-0.6628663784997636,-0.04701124820409952
-0.00128541968038203,0.9128429272454567
0.018120976270259853,0.4348562466578826
0.938005591493694,0.8408834463116666
-1.011289515416559,-1.1065232071966622
-0.6927715054902022,-0.5176472610588978
-0.2336432657166991,-0.13776035784601925
-0.035133833867340314,0.05938478374037741
0.9025804082031935,0.325380311530971
-0.7351423155931381,-0.9627811350736677
-1.0216529112170158,-0.03822480340040413
-0.0008398515559084277,-0.49519832360156957
0.22388796258842375,0.01109823970007659
-0.36164907164158133,-0.6112773106802868
-0.5438447905760562,-0.01771817965869399
-0.11995514479405212,0.22296446836753248
0.030717473897876452,-0.45556046823911084
-0.8627067393826866,-0.7121095807732098
1.1800376692695658,0.7782187111724463
-0.5187256626552633,-0.2520306674823388
-0.44247661932446297,0.8051639313042078
1.3601167997763768,0.16373737994080695
-0.7281136253910516,-0.7344977179741419
-0.9563629193865408,-0.4120883553428225
0.34902132128366187,0.6905490699428477
-0.2026849873899294,-0.8327224296516702
-2.2511716713567194,-0.6084200704350415
-1.707627402754863,-1.3288347186483371
-0.16736944537222034,-0.03999682180917411
-0.5610808155193872,0.3021190810269294
-0.6047825602255128,0.4524881437547436
0.4191642261987964,0.7048934732501816
-0.3913484754369602,-1.380484392762862
1.266005770324351,1.1034928444986618
0.4801807142609001,0.10895978090076819
0.3893539213914286,0.37459416192219896
1.2972755481744522,0.2856433614697665
0.08999489530718395,0.4443187373273483
1.7127775087042436,0.8779738958627022
0.47919873934109536,0.25338455498443174
-0.41811283706095437,-0.5130791010758079
0.05736951914926146,-0.6250816369735765
1.3441178631138153,0.4057982835514735
0.22014942597168752,0.4343350023393133
-0.5683236617001611,0.35682122118933474
-0.03766127926049438,0.5209272845250953
-2.8911968216682444,-1.473572839504185
-0.8832634894194634,-0.14032644487389945
0.3458896741792938,-0.011452091883705634
-0.9316025399383803,-0.47677466661810375
-1.8882422299399744,-1.5818189484097251
0.5353329743642089,0.26192774700743604
-1.8341864011636544,-1.5495228937703085
0.019650071066234828,-0.03508197015523917
-0.5878607558183548,0.28468890962437554
-2.182840182978605,-1.4883615059989335
-2.275485705701816,-1.9314787671029023
0.6231070982214653,0.5944764497662899
-1.1237395252119253,-0.6659221912798038
-2.218808422681746,-1.0632145670403592
-0.5149647230641387,-0.3516093910099619
0.5539477854938557,0.4047840646126579
-0.9186194458553695,0.1190538045775702
0.8499161197650268,0.555406610705011
-0.14649908249407803,-0.41455581730391766
-0.952584257670772,-0.4858961709961931
0.10870411625911208,0.30079935221774795
-0.7021750260144862,0.26970726082747787
0.2948877102559232,0.20090048739386684
1.025169164786915,1.0110626623924732
0.5626315868470378,0.648404682766327
0.22757285459004784,0.5441743599454976
1.3712362976839176,0.882065553548057
-0.7947092184657845,-0.5405572894420274
0.1891920259860473,-0.2720910567747097
-2.6614592870454095,-1.2250379385685675
-0.7519302221778082,-0.11632464341690951
0.25583554519872265,-0.6583327240421812
0.28158044290128476,0.3708991848499381
-1.091270635156966,-0.9969366081077848
-0.8148739787541409,-1.1979028145244137
-0.5834938497648039,-0.5570122248611719
0.43173144031161986,-0.2732184512691331
-0.40487056981688485,-0.27455668212309814
-0.029963725492485462,-0.7081950311453453
0.09028126452101809,-0.6623881340362963
0.7681407759770452,1.2394624022623835
-1.4779204671747603,-1.238296769696756
0.7069741175672112,0.4112034656578868
-2.947027638087124,-1.7385876868420478
1.3224883608481293,0.6393188334877373
-0.2666910466657469,0.6067068446930648
0.5314404736657277,0.2892930500441706
-0.0013309786243665507,-0.033154895667360004
-1.4152959720203433,-1.052586569655116
-0.5374085514038951,-0.3159934718490811
1.1925253291968332,0.6742277416901058
0.8889199369606263,0.5050649734987003
-1.8188654310741041,-1.6626521672579258
0.5214964567981399,0.571181289176302
-0.45093935096945964,-0.6138580920777318
0.3956826838480234,0.5659860277152005
-1.4972738729212716,-1.915923726717339
1.0259834298974484,0.744315463913452
-0.38298962817115406,-0.38331807455828093
-2.3426575691117457,-0.8696509493947323
-0.22813182110633237,0.08200362829120089
0.9798271438102438,0.7722145252792376
0.5142030966129034,0.6344312463900238
-0.7498545208806854,0.5208500609358326
0.09793742483992626,0.7970609103792214
0.4337194637272883,0.8340886807394225
-0.5330409325561869,-0.49808455140055763
-0.9386749288399782,-0.40166412943800245
-1.4205401301740588,-0.8936284474288665
1.8588057002015732,1.534118762021265
2.1573585511050832,1.637846095658126
0.8349559692379798,0.9692547744428177
-1.4067272322228364,-0.2146932783959946
0.3821066158476726,0.16537408104633183
-0.7952553470531483,0.4579530773884282
-0.127630832342821,-0.9697947554622669
0.7691056558752039,0.4193204486243634
-0.2602980719409124,0.19468432407169017
-0.5915561865534017,-0.017518627406556686
0.9108282588478708,0.16814898592984312
1.5241040277436022,1.0455651583569006
-0.3981823522643704,-1.1171356168186235
2.4582258938903174,1.1385657681609485
-0.9143881321944882,-0.6535955794660367
-0.5420968957139898,-0.22473169262101422
2.151456098088908,1.8357235816273247
0.8075600817188687,0.7301915133869288
-0.9881729587102699,-0.8980821347268153
-2.098831097433026,-1.7522690213409173
0.7673978451271685,1.7760664612446524
1.4407752172106822,0.9008347614667951
-0.9427819532043239,-1.0644439886146269
-0.6954143945558074,0.14813470125207384
-0.10490014808226042,0.4527208903477778
-2.0035140521978847,-0.6635470211044645
0.9411619682589832,-0.05535461244310336
1.4114812790284008,-0.18301202723115373
1.0081044032193855,0.18867415867404952
-0.5161808363737582,0.13815031074708795
0.7300083558721452,0.0071900165607116096
2.1211582807164646,1.7517489776904307
1.3040417151558428,0.465040965709479
-0.20812895406077445,-0.494511632381877
1.8208934168497892,1.3588910857362662
-0.34365763287448614,-0.22687184534103644
1.3689333057223176,1.0230225039048837
-1.3032695450251313,-1.3811762057983077
0.17371009399174567,-0.17039376989518457
-2.0593475913849772,-1.0782286168172548
0.4183032137977593,0.46038200731384216
0.699852001532015,0.19521833501698135
0.3735653881177593,1.3672297085317102
1.601510413573554,0.4273993223378342
1.4240280339922604,1.0328125916795623
-0.5989717638512989,-0.7699499143588313
-0.5082171185514348,0.6968520497680402
0.119996342584978,-0.00225404433866902
0.8778134387226099,0.9631252087027875
-0.4376285656768515,-0.7150296955285086
0.15850871957961443,-0.02516155775300223
-0.38233668141709964,-0.8489344950873208
1.1287500099458687,0.27893079544303495
0.5389203537485381,-0.0352596862649146
0.1539999474674283,-0.1896948773682124
-0.619098207173242,0.18924036905616037
1.0104414686485494,0.23568708495603652
0.7475277597493899,0.708623883975287
1.1217452997714827,-0.03788221229924005
-1.4611544621639552,-1.1518970322129434
-1.1068649620718063,-1.0853633146535917
1.2109862458113332,0.7353380692526836
0.988900113972806,0.11648976128246169
0.8373507260742016,-0.36965994834585214
0.42520308955713854,1.0264948582969677
-0.6901125029426269,-0.2754831930157853
-1.652107311653117,-0.18397606172415648
0.8701228202232397,0.7310612832862767
-0.4951715516085471,-0.11379244127193913
-1.204889500383009,-0.7385631887677042
0.3143198419915377,0.7752865586499602
-0.9818429956960266,-0.26350169027846687
0.3438499010500502,0.3224272861085721
0.3788862234767102,-0.4042343330829655
0.8897734312509551,0.5197576721759658
1.864070385110744,1.2560091025560631
-0.4818302778977481,-0.445717950218555
0.07650019495211963,-0.4202901400954509
-2.0676758672214186,-0.9613466853959741
-0.2621523307391385,-1.0752286665694093
0.3346739433272927,0.5252678135561195
0.6541847866734696,1.0815608788812845
-2.33227998026877,-1.8057524395581592
-1.0641075240461404,-0.44939510321768844
-0.5693356911209533,0.27397874694249996
1.5071914244561848,1.1896874671227395
-0.5882544166966008,-0.7877088985537815
-0.13436254421528884,-0.45376366087740083
-0.41847661607782,-1.0120524628861949
-1.2202288202853422,-0.4657783110016467
-1.6964356828464293,-1.3321552836430852
3.580358947777084,2.043318806463642
1.445448096546524,1.00711412620475
1.1633802590758495,0.4412856267869795
1.0562131892397517,0.19202132182412807
-0.385270797701213,-0.1319587208884448
-1.142367821726084,-1.2882102244757896
0.2084414446703293,0.23017638895525386
-0.3217175429493371,-0.5811615944654696
1.7769696078761517,1.2153460969480503
-1.8792450806651733,-1.4440288747723669
0.33958677806416754,0.10934336011250988
-0.8817559821850436,-1.084176491606239
0.7213118233122131,0.7696660271985789
-0.2778193417165395,0.0735674526634317
-0.6707393039326086,-0.49559104349735034
1.103970662062896,0.6982827247275388
-0.6832488768619777,-0.5718532120433117
0.8798088688607802,0.2886962514756241
-0.6832487779227645,-0.33067857100272413
-2.3896892793798417,-1.2341489115916777
1.9786686318026672,1.2901899721835637
-0.5269665346735435,-0.6166335432855521
-0.5398661181208569,-1.2050064372086458
-1.0551322658983626,-1.1443131828525863
-1.0459071279605436,-0.5344131033618471
-0.32529015761390717,0.1042245419370196
-1.0268739748186557,-0.8368507462263699
-0.23032689423679029,0.11035855133862651
0.03764563444713711,0.5008441476309934
0.3714111870847785,0.23093598441240942
-0.34841711721661,-0.2212024134850476
-2.4357484292111238,-1.0559951776628813
-0.780743882088603,-1.8260500285601822
0.31880931989898703,0.4857284785745787
-0.9940909725110575,-0.11840645336768307
0.10988155558153036,0.40519299371288287
-0.20424095717282617,-0.4809447132837187
-0.46113109351485243,0.07381324330366507
1.862639744911007,1.1996974554381759
-0.06219823734478317,-0.8197618942508721
-1.4696259399182985,-0.016184246650716605
0.32660979394814926,0.6875242048933463
-0.7185398169810463,-0.7505965838842282
1.095970563307445,0.19740021007143616
0.4318956790333992,-0.00020110614549023742
0.7130284081142216,1.169152989257096
0.036050160784315166,-0.373986639520994
-2.169773659455579,-1.679940994413982
0.48928655584999386,0.3163865377808751
1.0113866954120212,0.9125166930135755
0.008553005866867719,0.6264850200260376
0.6479230855964973,0.8467158641265244
0.1678569665167777,0.034461041307358234
0.3893868917969413,0.6743781631669077
1.0258964790461316,0.49398668939917134
1.4524362973514944,0.6595665300815126
0.07580521931138512,0.2952897214204967
0.34819531844298535,0.7676063721399697
0.19589590995511058,0.17049560280163484
0.19468562929055927,-0.540515421893151
1.0700576883941355,1.6541219182947748
-0.5537223196417246,-0.11180987560412181
-0.24314684527216435,-0.34275383289232486
1.3967109873148837,1.4094105884041124
-1.836439112431945,-1.1438117590627463
0.8628034234679266,0.5620239264461331
0.6171689042853321,1.0340764403373317
-0.17299567654308762,0.2845529696412591
0.36151143122883733,-0.017547258279318245
0.3915746839218319,0.26684752962845515
-1.5576375163181453,-0.8802664126709193
0.23213291618257118,-0.9260439250593705
0.4689997281586438,-0.18239098492310357
1.4335037669444692,0.5736265140169569
-1.5518187761921385,-1.1195903593913992
-0.44841036638208115,-1.2616468701079828
1.1265381806398451,1.1943420744885993
-0.6075242003877588,-1.0466243661672794
-0.6726393791662559,-0.25295045621557055
0.373783969558541,-0.2486050019226066
-2.2974477709643426,-1.5504455486544462
-1.8578403794834815,-1.2409355033901075
-0.3833810282132784,0.5710914602880507
1.325780340293321,0.45199302138838343
-2.2362534127643325,-1.579304891124739
0.16419619858171747,-0.31825142409214396
-0.5541502277328529,-0.17123255673591928
0.43802543535555594,0.2991563554351766
-2.014094192631497,-1.738313920080626
-1.1924333942247742,-0.18876448849046046
0.8602741029963386,0.9983171888422675
-0.5935969955055781,-0.5532146269828557
-1.2733091600684847,-0.10601671877348073
0.6238249527336832,0.8732491491092662
-0.8274742064546489,-0.6389792051588257
0.22544501335191708,0.3356931965312979
-0.19659852310218118,-0.10981315926413995
0.2041840167577147,0.5437979390736756
-1.881858750847746,-0.15232888745850726
0.38107769254320767,0.5443140657797474
-0.11943063441724314,0.3608348995524927
-0.23964519098347964,0.17608623667643755
-1.6484039408172393,-0.7356874798952379
-0.19429966255827882,0.2897004784908177
-1.5108640516393854,-1.8069661241854027
-1.2362874923424796,-0.6662592143158005
0.6081755905330792,0.6340207659565635
0.5406307013119018,0.3027029538387829
0.8239547060478464,0.8594428043345331
0.4655226681119599,-0.03769347964907144
1.4907882075260492,1.3807343994970118
0.9451170767939437,1.1187472865341233
-1.6454925450895186,-0.663294275078665
0.17896590907718646,-0.5789638089220851
-1.0053885171333956,-0.5858416584553806
-1.5586293130119449,-0.37933851636994165
0.5636345704738498,0.33748347180874233
0.006234983656473998,0.06261689874027164
0.13259155942448583,0.5511830379637117
-0.22732786727960497,-0.11961990174324619
-0.05369356229322242,-0.2887727902861624
-0.8331298529563623,-0.48498537061035535
-1.8997344920370831,-1.6597104184057923
-0.05928315854032586,-0.3570638445878531
-0.6394555811878136,-0.2807163411780216
0.1258814311035635,0.34609809631088645
-0.9511988915310916,-0.03735881026248855
0.4509473561095432,0.9182838318041364
-0.7321786365404583,-0.14287733507715622
1.0586575759988675,0.8186628295350262
1.0381082669611337,0.7677893236497939
0.48874257527187637,0.17212918462255705
0.8885203596411397,0.845333924766035
0.6489709341704694,0.6072195593272756
1.3265595795363667,1.4966898476664152
-0.3027855367660978,0.10804575103814995
0.1393151501361242,-0.3984720525946415
0.8254035990882457,0.3612409582832904
-0.05388692126526165,-0.1700730596718382
0.8473378040844581,0.12156094588589572
-0.5484769308076419,0.5992926432911576
-0.6443455789133193,-0.6705696998591408
-1.991310186877822,-1.0629694610894576
0.9375858696392086,0.8657367713277546
-0.685405675862474,0.24984280117463697
-2.300162269704478,-1.1345625633657312
-0.2884112396426316,-0.37008689805179923
-1.1073482177296636,-0.3760681448682529
1.294280664762604,0.5868397742175895
0.5035284986515335,-0.10146397863817724
-0.9692369575171769,-1.0811708240553348
1.4931411991735437,0.3890281431024585
0.08392757169120978,-0.15463767803791986
-1.8996451365263367,-1.2498870455595366
-1.7440347055617935,-1.3330082760377917
1.4145898957060026,0.8742355800646696
-1.0524942588100652,-0.616009648255712
0.8782151221427945,0.620398753402387
-0.6133622102726523,-0.07986998832399794
-0.37436096146745473,-1.0870313645550884
-0.7013134148698092,-0.6064571011577524
0.32011090965559824,-0.18583142759127072
-1.524302201401957,-1.178879095801458
-0.08762877158091151,0.7420856674100541
1.7123817607223848,0.8822985424055978
-0.000519245651046305,0.012737136695157674
0.18809468547443617,0.20646805807468166
-0.000767264063513528,-0.4247377194978149
-0.5090109058210613,0.7627751330545751
-0.32388039538090907,0.5749599735871941
-1.706305514311902,-1.0449562140383863
0.9793439385375534,1.3000406652906706
-1.1096036283835726,-0.21963214093428024
0.7016865370095005,0.0010365265143625346
1.094157857630598,0.10764682317437735
-2.130260987945276,-2.1306436298284694
0.5560213591606861,1.0934446502708526
-0.2336173212422129,0.5207133040489232
0.4443659390708635,0.3376151081614967
-0.16760441878345758,0.6291656744337839
-1.4360522744587965,-0.4817961336116886
0.7654336286306445,1.1782927272859787
-0.952740359518382,-0.5261948175014154
0.23414846244371076,0.7317009093345417
1.4425445974758304,1.3689502526953263
0.3623495225769056,0.10157239212195943
-0.6583803169133903,-0.3020295045428262
-0.017711143639641318,-0.1384539162177652
0.9927241472325653,0.3418413703870172
0.25800708450371745,0.5180398431816267
-0.8720529953231865,-0.5840508481275484
-0.27615778160093574,0.21394242747169298
1.9688053010459496,1.3397481275615566
-0.028390835570951834,-0.7716127622405091
-0.9792205761048511,-0.3517332232665722
0.009594820746340238,0.05086812081091341
0.3077158535328279,-0.04792005659923304
1.4871096562916297,0.4124516818238524
0.9338509437786838,0.2552577394171299
-0.44173552623002826,0.14977275901205295
-0.9418658276341736,-2.1289894350248244
0.1928079814632201,-0.1798904703642636
0.9961275534904118,1.297169609272606
-1.365484586626271,-0.7026699980562988
0.9145944887860368,-0.10661390242663826
0.07080563209601667,-0.09173876124687352
1.5638338515477526,1.1178468610481003
-0.643440706294152,-0.17738298227259267
0.6569993235782549,-0.051012316433808935
-0.3848674621352831,-0.14341167667122945
-0.46967427842693377,-0.2807218979942505
1.4241550323930503,0.9270200410709927
-1.0844078158104902,-0.07695930759782987
1.5699407117895514,1.0588851522017473
0.5615126695530716,0.5385935335391272
-0.6661342542859868,0.029911165929916717
-0.7210494563244552,-0.36818280109348867
1.9138951009019887,1.4874048807893059
-0.07570317858566905,0.3100490115532494
0.5625733624801451,0.2648908994119671
-0.8927359005655947,-0.13242442179866798
0.5011253470255006,0.41986466242366205
1.5987939509245814,0.5715370071003855
-0.776553629186369,-0.17487166655354353
1.7031430237594372,1.3074101135016574
-0.31949908383818515,-0.37533788196575
-0.3334365327062387,-0.198625878111459
0.061923750694500304,-0.1833840678426869
-2.30261245933458,-1.0446503713383195
-1.8018419500203438,-1.4097597344651938
-0.2874863039673549,-0.3782096229135668
-0.35778153483231556,-1.037663281720012
-1.443091320100918,-0.7988497134750236
0.6757335160282134,0.44754525451607113
-0.6214489605116141,-0.7570804537775158
0.6283225066562372,0.2641806362576733
0.9228693275830172,1.2859342069355235
2.367994018777406,0.8574482190550808
-0.5113245643895424,-0.7032819581476548
0.45848173134696646,-0.4525145270107384
-0.3887582042685073,-0.40444549576295463
-0.9215424008492697,-0.8654643988151786
1.5264793632561573,0.9529718548037276
-0.23116524995818094,-0.39069549497614803
-0.2767304427640778,0.09092165869435745
-0.1694624368417291,-0.5865099816548663
-1.3408482252972425,0.12367068874288567
0.8804319734898375,0.5284760282898826
1.087066787811587,1.0159833581387985
1.0589776112586204,0.3257430568544667
-1.4375304347658215,-1.38544491688552
-0.9956766492154335,-1.0434692977290871
-0.4531216235908814,0.03394060129443793
0.09908104245793174,-0.0895398899277986
0.5189252283160511,-0.3809505209153974
0.9383674218225151,-0.009724346086216862
-2.3594772039388348,-1.2335897687801034
-1.0361669819842825,-1.1122257519215373
-0.5225687564698985,-0.1171588512323683
1.1893953025472024,0.6308079203781781
0.33595569511648665,0.6405551014405558
-0.7821457664089911,-0.2396753865862869
0.2968607781416398,-0.20677475697223244
0.085971580955719,0.5566808758384472
1.3828086362365324,1.0906727227632143
-0.10179695692292663,0.3666175051655301
-1.0201067139507751,-0.4802750742678351
-0.06869771127117816,-0.6760054215176963
0.10346728429807932,0.01478011269004726
-0.4570957601424475,0.37139083581168686
0.43295848324484654,-0.0540870561964194
0.49183730853895297,0.045168137423008986
-0.37169500763060775,0.16899471989855047
0.24565882012694662,-0.302832964413116
-1.299088932174057,-1.2868592695714778
-0.26485557690392564,-0.5279117075561158
-0.5951103153559637,-0.4162759766826903
0.8193974394571016,-0.05814552946942181
-1.592254023604169,-1.8097858525391508
-1.6190378707026079,-1.3099336319155963
0.530651228651127,0.4306312003167617
-0.1975198202403863,0.5077720526005668
1.6253532909092356,1.7354991800380417
-0.7419099223166581,-0.26915254323715077
-0.3939251324775686,-1.1653530403854484
-0.9143781868752918,0.348595253389376
-0.048680574189912444,-0.18073459150724333
0.4787797573288466,0.4118215205523542
-0.11027606964409521,-0.8201019348768489
0.6677566803344829,0.23261110038937746
-1.7312629989761896,-0.7674977427230687
-1.5850681825625934,-1.3899192785300747
-3.640512607658088,-1.9155098472666379
0.2786194095970136,-0.1550903740512254
-0.9922954097968331,-0.10133333653438853
-0.40519594172299567,0.1821228689979631
1.191633107140866,0.1184486512929358
0.6165896704249443,-0.10299095454803114
-0.04478424534866833,0.012577994167214494
0.7934567475804701,-0.08690202021510673
1.0428383501630996,0.5108578442541742
0.3314685664463211,-0.043890147100223015
1.8757063813152128,1.1149476443824093
0.006870965626625194,-0.16672779353278744
0.8204901860101632,0.550025607298601
0.4306514033673661,0.4690555427112466
1.476484044633065,1.7299046316619335
0.7839423328288317,0.7916067471041867
0.4290642799297679,0.5433331202016554
1.3560278726005677,0.5711331234064928
-0.20621084943431703,-1.0161819272013466
1.4649604591743735,0.7514245435508135
0.11280207927260442,-0.3686341727649086
1.7546167228617744,1.2402373118812702
-0.231689283965275,-0.005250720985931934
-0.49374460586384805,-0.4185393791210399
0.9501344017006541,0.5598889236674105
-0.15596110827777318,-0.37907834933808177
1.860574745701831,0.9522118719883341
0.628254897353911,0.28823541025371446
1.3668309295536323,0.3904579735654642
1.6626976047816517,1.1640108214680198
1.5928915283325458,1.106067391478795
0.4962950851005392,0.08591666462823544
0.9621757156227074,1.3550899972740815
-0.026868865936519548,-0.04765921356503404
-0.02664295994400807,0.4467592398804247
0.8542261286926585,0.4373411171923341
1.1440108715527357,0.8566100230487861
-2.0587976790205156,-0.7303633706647086
-1.0116822402455123,-0.8983263938302124
0.6063343245385368,0.16903818537398274
0.7988630100398459,0.8763977963154267
0.061756974902632086,0.5237593133784308
-0.4769835944895437,-0.16555007601704716
-0.004259817517772487,0.029077246304407247
-0.21964501955484567,-0.21850044231256396
1.2961517759993335,0.2902115413611528
0.7179361483944108,-0.052343047745357585
-0.7824780495892664,-0.5467446506626448
0.5646342716437539,0.7201661211349077
-0.4600059037567416,-1.055193093224669
-0.416304460213842,-0.4922565947338303
0.5924372236186328,1.1581899529479214
-0.7232312452653002,0.14815353516686913
-1.6684245705539742,-1.2429884707316008
-1.1111398926067517,-0.4350810675522252
-0.24590313285812468,0.5398270818861399
-0.071202384116328,-0.27289862075706056
0.3810499530778655,0.1572587198032015
0.15727314891501107,0.3502248747632501
0.7582288823548498,0.37396032237662985
0.7237338982593309,-0.5003433400246589
-0.33932175859069014,0.03407511627267404
-1.6211652980968168,-1.2815338757471957
0.6296159727251825,0.48050973161655613
1.190000757426839,1.010946970027048
0.13950555938710607,-0.22252939509667075
0.7158734184237497,-0.5419519645915885
-0.5904273982520893,0.4812269021376804
1.64729232544435,0.35987879214264296
-0.9641917209321749,0.050804128410265825
0.9222927370424584,-0.22374151231258277
0.7481878364993126,1.4086165415742675
-0.44216406364635913,-0.6636283826791866
1.1916459070877101,0.22312866007600896
0.10568196097615873,-0.12429146004795193
-1.3937709124554243,-0.6457871276362419
-0.8572667952664071,-0.8723469228724968
-0.8992469776317729,-0.16588376550791156
-1.5485328891778403,-0.5672512132262149
0.773573397280557,1.0134828918708592
0.277391593937256,-0.5819514730612072
-0.6850472035087924,-0.8664674487789719
0.41282993838621235,-0.07272930866122754
-1.2604717935286254,-0.5820510882197892
1.613120109898409,0.9078340298699116
1.2721908999985223,0.3056850455340891
1.2310861244779927,0.9901265999530866
0.5360879556211701,0.07028369256821959
0.13269300217375074,-0.5733288585592593
1.5202272301790467,1.1718152325389206
2.7315201318699747,1.842381488536803
-0.5410203857460086,0.5140230490432238
0.799009565578784,0.7294180123501464
-0.5301911819590266,-0.06635743093937102
0.8101992719794048,0.9739584281958003
0.4310324966671702,0.6641927995254053
1.4258954174882352,0.4302275320737376
-0.3559515633414503,-0.11939501674641179
-0.7934216191369072,0.11270644325389423
-1.6440603334104706,-1.1790394957034775
0.7445426206376714,0.04866544906566389
0.10142431113003982,-0.3960659383169185
-1.2931461273952347,-1.176680516159541
-0.9231293389166325,-1.2928825811634084
0.23092750378203544,0.1290662710831608
-0.09457357377684346,-0.7963426443996126
-1.156515746902648,-0.9736921857110294
1.1944918503515816,0.5662453239350488
-0.5013363154033087,-0.8448603065286804
1.09003476196412,-0.09406504621098011
1.0551831739881525,0.7501227922778211
1.269415629701587,1.1230045252246519
1.5279769699529062,0.16704465938343138
-1.335435181585352,-1.6840779018272969
0.10292720843374174,0.06592539193135989
1.2539457049571234,0.49517393858059233
-0.6720127770694593,-0.4404690605766603
-1.2048862622914436,-1.1427492141879567
-0.6454733047070268,-1.3133960003363374
0.143465301912466,0.24585524771152806
0.049513116606230784,-0.26407431778884
1.5413377637154364,0.5698715846670976
-0.7174174114400037,-0.4373203720301258
0.40624770295815643,-0.26224081810200905
0.8271835692096999,0.441454292960284
-0.8858263937721883,-0.8221358089490094
-0.48600883439967907,-0.43578962775878727
0.577955938237928,0.2318043118336692
-0.8148626245938803,-0.2094556241327567
0.5179741033067203,1.3076730119711373
-0.09000366566453202,0.10107099197284213
1.0666459511277857,0.8008191390470722
-1.7416913834102208,-0.9156827307653297
1.9618992249053544,0.43602199824801235
-1.3414966740160865,-0.07093913603879942
-1.2645645898356268,-0.7663179325949051
-0.8894061107314826,-0.4369520667497766
0.7445023247628902,0.17286362403898353
-0.935614671858928,-0.35748595151600876
0.12048193410977198,0.005901348015952768
0.176396937908733,0.3822808943935616
-1.1087517180826707,-1.269329512191498
-1.019354420624122,-0.7108739018259205
-1.652538524247763,-0.5431848806139524
-0.4008362959698354,0.17757678308594366
0.13776077588782557,0.6853556385285783
0.48957773489362716,0.1570544968378812
-1.352482124067202,-0.3144752492819624
1.436100022403324,0.3107538379406791
0.572053558313765,-0.3511480530922756
-2.284434737099057,-1.795445824523865
-0.8036808523787204,-0.41913694499432436
1.363324498861109,0.1683754736992612
1.0514676930400777,0.9443482419898037
1.2210229989488142,1.5520944921603332
0.823740497244785,0.8097269907591265
0.7625658200654228,0.22862446669982686
-0.9474698962933786,-0.004433184000755097
0.006783498741148332,-0.4217994805396285
1.4242066942467126,0.6351675371177431
0.05451545071084269,0.20727679901257545
0.09986240634524224,-0.5449864566177673
-0.18757201921221558,-0.6370809145540192
0.7094555738401948,0.21601893487426052
-1.0242393652083965,-1.3813260958729676
-0.41900692596711836,-0.1112189862534837
0.04058740880882021,0.09462196935033118
0.2815873053234095,0.6013876963822404
-1.2614232958264466,-0.7317650763458408
1.9685232797995955,1.1011469823431537
0.504371513613115,0.30255317484986216
-1.0248874887717705,-1.625383353874815
1.1076623005301311,0.5731647747774415
0.8864163744497341,0.5165134459856312
-0.8824789987675138,0.22750511309365928
0.18284536555455633,0.8797830835398789
-1.2272570758215773,-0.3767442779439355
-0.3111465627337417,-0.3973806420187731
-0.0829634958467502,0.31244997054132917
0.5710878798117704,0.26832050148602166
0.7854070746378031,0.5086940932313001
-2.3264303945794644,-0.4652236980350065
-0.16592562030713814,-0.11693455014578596
-0.5751694651296874,-0.63440753583041
-0.1076599449015636,-0.4408596352550371
0.8290720040352073,0.9619225708212185
-0.5242785675791509,0.1919232910449154
1.3580503285120302,1.2325387355858566
-1.1836347627684525,-0.4074348171785383
-1.4673730534147658,-0.600165907292546
0.7713564852293894,-0.050280352398465844
1.3604592660227306,1.3322686903204584
-0.046135816678359226,0.7552817913267162
0.3285647103662036,-0.582944314108466
0.09674046161201237,0.41427090932081173
0.24228944727565158,-0.22226134491454425
1.7899310261723775,2.1234138483292835
0.33323622231261346,0.3603938576295941
-1.6498371223625008,-1.121569369957672
0.5020435261829398,0.1217896454324135
0.30831116557292637,0.4307614295137976
-0.04103928525650685,-0.012699031700378418
0.14806480367873034,-0.4706517307665462
0.6339586492454053,0.5414070655722845
-1.129158067157311,-1.2469523309855781
-1.4035831364549562,-0.5080046027427452
0.7503818744775733,0.012966005010314974
-1.6273008484163172,-0.9879216011054636
0.5613363728945053,0.23446167439588622
-1.5593054114808316,-0.7969653836464602
0.42072239239334946,0.6056506062432381
1.478706159282265,2.101308215685554
-0.6350586713776962,0.34636975693119176
2.2733947531693537,1.499122964174755
-0.6156916011058478,-0.4300370003837745
-1.0826958319750004,-1.0694157005108864
0.5429192868112631,-0.20039964557234557
-0.7725328183730853,-0.2940511999090196
-0.21209645112371003,-0.09523832714742826
-0.5741284697062191,0.48879827586288044
0.7067755207391705,0.23421634553118081
0.5884758365115459,-0.30204976329223737
-0.6538734371943196,-0.09285345643378429
-2.4588887513407744,-1.5757497875759034
-1.4783562069583953,-1.724363767038866
0.594525862855544,-0.661444134482291
-1.8697439589531772,-0.5363428848911539
-1.3589042685425212,-0.6991769166737674
1.268673067028089,0.39466889021602164
1.9203741974689732,-0.10448556680562437
0.4391403135152626,-0.044778934325218345
-0.33199026487530353,0.1452404773743048
-1.1115467664848986,-0.4672348493778028
1.0904893856668232,1.3009285510567312
-1.9368951763063051,-0.8964004646265976
1.178620450510268,0.934749156599367
0.07825945131852739,0.10877860956815856
0.8633782076010152,-0.1547975749148618
-1.5499444243985552,-0.7166136626702667
-1.2434413466492293,-0.3723510634134274
2.8088137809775295,2.999843154330876
0.44521858434303524,0.988331090231196
-1.329327493502415,-0.38352617745769996
0.6783512896344686,0.5964408874865678
0.9012291552238201,0.47797799262676677
1.0037454209539252,0.11237468772100917
-0.018798735576851442,0.34303703642141126
-0.7935445734643166,-0.43839359366505254
1.60289926689908,-0.132696652137137
1.9815221110800965,0.38162618977449037
-0.23780087557869908,-0.16829847191349512
-0.9348135024649236,-0.38401460851187946
0.24074672692990953,-0.5793944277528993
-0.6500908156080498,-0.06480126872236053
-0.8799141030458941,-0.7605377956363117
-0.8361321879442697,-0.5098425939394655
-0.9930814508443332,-0.7639447257257259
-0.0075434128030677505,0.5483689174620223
1.3952383254061678,1.2059739161912704
-0.8706909171511258,-0.9175576455242487
-0.9969805581704283,-0.9950756448110532
0.9024919029548724,0.08884514376411218
0.18965115247275985,0.29240581654463654
-0.9598985681358151,-0.9648043862885075
-0.24017313563226433,0.22322076893246967
-0.250980627173535,-0.112941348833679
0.3891003606338923,0.32075527871461507
-0.4350212651009502,-0.27397951831468914
1.618210122712113,1.5870806127494448
-2.184402281291537,-0.9796017579372802
-1.8470570135606033,-1.6346158097010726
1.3976499045675284,0.678395387027992
-0.8275890855455236,-0.669524767311503
-1.661741786524839,0.18144781129757925
0.24697297690920625,0.0782867661991029
2.080998022693979,1.3234197872637
-1.5321617394060552,-0.3954426728588939
-0.6443811415690546,-0.6883618244875203
-1.0176228927078386,-0.38553932043759975
-0.043098893414423294,0.8917602737180409
0.22117903429410873,0.3367281449023706
0.1124292414867522,0.7434467993169841
-1.753049730850963,-0.02375034117562347
0.5362537250833868,-0.3233020430682001
1.0879966860212043,0.5982384357454761
0.6685049121637425,0.14919438699172355
-0.11687614646108577,0.48819451399659736
1.1435043158909355,0.87905525997692
-0.119340517834743,-0.7771198076110967
-2.0342922274978017,-1.8712459257157263
-0.7896381180646225,-0.3648709009767185
-0.1753155901508982,0.1692119421461365
0.91647242271033,-0.026552205390392936
0.3171284265574734,0.03653968139716976
1.1698538990746037,1.0713170401273704
-0.3172502865267176,-0.3442581216266801
0.19645561139100834,0.4624219313404814
0.268517717360425,-0.3575628600171517
1.3194490181841436,1.182893365746653
-0.5383305232857496,0.2469976649787513
-0.759446389291949,0.10755315464800841
-0.40309916157718184,-0.6220559825263343
0.2840919988648246,-0.1655035927616418
-0.059103137713196856,-0.07496654950786624
-0.0760906503893588,0.2793154723842935
-0.1547461187369835,-0.39394494880449915
0.2831208680313436,0.0470556318638255
1.4756105586743364,0.19141555228455742
-1.909178074119114,-1.4386880462941978
0.3895455153186326,0.30384732569516393
-0.4033427061753116,-0.19054264462707887
0.4806187606304409,0.48000109431285587
-0.7009847652564638,0.11423416006687459
0.2590732742080107,1.2680958485643024
-0.6206575481994787,-0.2548840422091878
-0.967210035147672,-0.3190003039865122
-0.35633695393822845,-0.25856094691773757
0.7198665350126174,0.5164970709499661
0.9041336585316613,0.3915654177203248
-1.905115104906918,-0.91295534136682
-0.327693455282657,-0.637498054648769
-1.8501358934743748,-1.5104955934382658
0.051130180236816376,-0.2877308197948098
1.3836091031656266,0.7024912477800122
0.2675506091497973,0.3178258518790026
0.30894193288017346,0.17768685130007483
-0.20917165765875148,0.738602254028405
1.0948796800364395,0.9216771261112137
-0.6125883508785105,-0.37623155323054885
0.5153431472201346,-0.16975442382065797
-0.5830537499922729,-1.0513198933179786
1.4072344523190858,0.8142180314370334
-0.17901946069138236,0.03621824171079473
1.0037346981747302,0.7547958576782376
0.11050451902760391,0.24191936006534243
0.45633389770512267,0.285964674939424
0.9200508751024232,0.40677641435856304
-0.1478683753363516,-0.7940067743212731
0.28770795641171426,0.4469129779255836
-0.5329206307988297,0.07095837137739797
-0.6431267414651053,0.15266018745742166
0.7817437147055234,-0.6072901449349061
-1.0995734870873033,-0.9253744667684236
-1.207033909238285,-0.916726422531709
1.880328451954774,1.023312336671806
-1.3990295509214996,-1.7300486443917276
-0.3478524197972764,-0.47950981289203587
-0.07485347635319037,0.327761974381895
1.0716338246723633,1.2173584405763018
0.9843305384724327,0.6612858316364061
-0.9090852285378355,-0.9185299845750481
-2.691024327619292,-1.7518103425937106
-0.10305419237038613,0.19341247541535134
-1.4627183059371727,-1.1578263353313045
-0.9390937077702474,-0.4715605546425677
0.10093121786779274,0.05761769133446664
-1.0344722835720976,-0.8495019903892456
-0.8010736193449829,-0.2118569134929683
0.15663366799221742,0.20705604888698856
0.2518179467181534,0.7688253123671619
0.3156955656025003,0.23913922626316506
0.9612999242846796,0.49315749568166894
-0.19561345491515048,0.3608559001788137
1.029499170713438,1.2275595817012315
-0.7225688626213471,-0.5858699757274121
0.42516366176907,-0.38724817691991376
-0.29786324463349717,0.35457667569407636
1.848845565629234,0.6327121929198417
-0.40687849666023274,0.21112099417667218
0.12761384092165987,0.5156821879180314
2.269567343587667,0.19055132379573236
0.28588503479391264,0.5940543775509219
-0.8348736459538667,0.07598792604962556
-0.6349131429183625,-1.1022063827606416
-0.48039555969043535,0.03022443022074045
0.20924913556235095,0.12256668589559834
-0.2066925390550476,0.8279352032731531
0.0550656306143156,0.6836928052544448
0.6569576513993663,1.017588071012542
-1.1036361587126344,-1.0888474024004484
-3.1322968489698586,-2.1463974433330333
0.4664790947600323,-0.5207962430652215
0.13026389494506468,0.11405061948815148
-1.339042513356659,-1.516644709708316
-0.4785793210629858,-0.1512998447465429
0.9482739386683761,0.45827923897446043
-0.7203589130278693,-0.8890031705840646
0.7251505138373645,1.1595814125466173
0.23830914135081385,0.2446304160326675
-1.1162181060884853,-0.7616437192385517
1.773741609230507,1.3961010264798621
0.04494174619168313,0.04515166656884441
-2.0970512874763227,-1.732142625382814
0.7902581568992744,0.20454632514950455
-0.7654777481268612,-0.38631601366408785
-0.07672070953159409,-0.7340114505550125
1.181652994662451,1.1010357044796937
0.07449877671366306,-0.6351857214411107
-1.0256106418901898,0.200249526908162
1.3926557634600354,0.6730989233162693
0.523619592989757,-0.07392154095833975
0.7957189985153837,-0.4658319868480488
1.1724940692462735,0.8653480992731856
0.6555965682610748,0.5010998432085207
0.785684867170126,0.2853019989440321
-0.5087144287708589,-0.5309070037725405
-0.2794562520549105,-0.3173996787898664
1.3782990682878822,0.7498152945644517
1.7236230693684194,0.862320685229283
0.07893013089589328,0.20747343506091262
-0.730343470896395,-0.6169076605253505
-0.21615741477587844,0.184787714331744
-0.01047918685727217,-0.18742171390721968
-0.826649043395846,0.201020695090468
-0.8793581475679414,-0.8497942023183304
-1.0171872976839502,-1.1355287415203321
0.07770327386450832,-0.2970096481823566
-0.8429442527668708,-0.7571313387090528
-1.8811303457529938,-1.0986139969551276
0.18312320104388718,-0.9911950880624428
-0.049385868129609926,0.39241008902730284
0.11752757219874711,0.07643029820400898
1.035569968051951,0.455254859609143
0.37470081598895505,0.4641914019662906
-1.9269065388457187,-1.346759340336165
1.0495106434847756,0.7901034590303819
1.3153877235766764,0.12511900878144544
-0.25431878659123686,0.30542273914332807
-1.8756679848241036,-0.9403841279839477
1.1600273287620146,0.2545400792597917
0.052156120857180056,0.4488900869138894
-0.33697336702173386,0.09492102878598577
-0.006876430702101026,-0.10079704454951886
-1.13837405226872,-0.23224953074396387
-0.3538989145192247,-0.9212789412678408
0.4316703142637018,-0.6738413640263674
0.7033108440127646,-0.08730753149015252
0.9553392914778932,0.7779082512068294
-0.9993215287506994,-0.26770813331491117
-0.008063651001615914,-0.5219427433364121
-0.6533823408203854,-0.7278117256595913
-2.3528969614366155,-0.7319765909321345
-1.2390265867829384,-0.7743422464728525
1.00457736637577,0.8831699073640222
0.9542210549959192,0.9038942830406134
0.15826310791396295,0.0576636692739924
0.46598450924510887,0.028253687440953856
1.7413956233381531,1.6157166547222954
-1.3025027757904615,-0.2957233504084555
-0.9570961190294535,-0.7865635616203148
1.6515574081477888,1.120976153757436
0.16955524276703873,0.08670829268021743
-0.5294670226329564,-0.07902322916622945
-0.6873219966973383,-0.5264163330163331
-1.510566912734611,-0.8301819362436451
0.5138750982181121,-0.008847664270249966
-1.0249043881411277,-1.004631674534258
0.0985291559078626,0.4122927447076835
-1.0567977215003495,-0.5097202323255972
0.6631521005862309,0.46215293037756666
0.5363122363400754,0.26373010583994067
0.32977686740565787,-0.3157515448214263
0.31751660171213414,0.19906320496807378
-0.7266502523199967,-0.8654155034843124
-0.5848719367029445,0.011328816034802125
2.580857207545488,1.8318577021238498
-0.19865739218828285,-0.89693041642717
1.271495107656275,0.6047573498993402
-0.07416521873415072,-0.37503001582665285
0.12837687103792964,0.6596224898766258
0.6683002180050013,0.33559552679986915
1.1440207466518055,-0.10434550706529488
-1.4361937394947222,-0.6183847714785582
0.8956485415776111,0.13519966623391805
-0.8292901823027833,-0.7651292897971913
-1.1746662148038571,-0.976399977387107
-1.2866553814316386,-0.8133717991441164
-0.5677470678318659,0.551632601894877
0.40680124406046014,0.6743817501839908
0.5545929156623477,0.3836366430569453
-1.0596208033314294,-1.2274821323691376
0.21141843167831334,0.11606532053790745
-0.8742719904857158,-0.532317082148967
-0.18956258794700112,-0.5548955604089267
-0.8794481482362976,-0.39638783252180454
-0.27854450393207564,-0.9251722179197162
1.15732604303923,0.39461928870529156
0.37900858095200474,-0.26710851257568724
0.21085652643884056,0.22231484041676108
-1.2138106891686837,-0.13804952540901338
0.3628974355894359,0.4487948563540113
0.2398635620212388,0.9782187546663546
0.6726222418832128,1.0201918963435752
-0.8858961045740733,-0.6428657904358059
-0.9015220572144889,-1.1373260842487993
0.2849615630767058,0.4685002565450136
-0.34706072011450867,0.6631103040743407
-0.41256029206321754,0.2659947315871818
0.25876927203888367,0.2981296040010417
-1.7077926260835647,-0.8385854558488375
-0.768962027282366,-0.5404108943869067
-1.1842225624014198,-0.9174696885828365
0.8584034783869154,0.4039254909095334
-1.2425237324760974,-1.6079950598243968
0.23890035082570277,-0.095729753663653
0.5800135430628113,-0.14246510508743904
-0.818857347043303,-0.9393102486383438
0.9599254685303783,0.597484930454842
0.8412318474687435,-0.7027720128717421
1.1923780612231591,0.37539522801527664
-1.1689640135488568,-0.3424828433857659
0.32111197337339953,0.41774709196661763
2.1498984791922364,0.35239390779918545
0.148071717359064,1.0575206295477346
1.326483993712693,1.3726367127144465
-0.5502339240752285,-0.5664276259714484
1.0224890701360667,0.4682186978663607
-1.0549026543386484,-0.35718636540460175
-0.4172498867590689,-0.3179412474364202
-0.5263755535198023,-0.08955232755182188
1.9949645102906963,1.8063202931510756
-1.2683842713270987,0.1548022884990854
-0.5725180008850719,-0.5225403456266904
1.830914966997722,1.2893594384915368
0.6511275110100507,0.2524725676611598
0.021550178171312488,-0.5382812613315451
-0.3525316195259789,-0.4137243795214587
-1.9550554137652911,-1.096993216345718
-0.31164950259068525,-0.3098626015954824
0.4861404752629574,-0.052934742772613674
0.18784550216661378,-0.11091860108137044
0.8083721465389313,0.5522435131429938
-0.6717070701333834,-0.20965156874901195
-0.4770850862013096,-0.39590357439291635
-0.5353196754417309,-0.7010265974996318
-1.6369043077762215,-1.5732846509196556
0.9435358967129729,-0.04849232447288543
1.8739012746604857,1.7007878855316958
-0.5073705067248073,-1.191505670697142
-1.139685173030879,-0.7344028294164867
0.540574007640634,-0.06984340052231214
-1.4085339605749425,-1.1810399449041837
2.0977202048621373,1.858869764587002
0.3060212789468213,0.5256319639245988
0.016134925321240973,-0.7045838790856683
0.2391389281114044,0.8184225744248335
-0.9423284711136221,-0.7572799969545642
-0.8507550838106238,-0.20752955698791514
0.17053501527162565,0.06926425788320151
-0.023650906745547567,0.12728721228009693
-0.2279349434858111,0.09201257426770834
0.5600332519188009,-0.2920739085363527
-0.6990499719368238,-0.14545900257454442
-0.18446069595794357,0.08872317350137883
-0.7573214358377794,0.07056073755669312
0.38817211082758163,-0.33429936161816604
1.3270646065249383,0.768714961932016
1.8268558538161848,1.2847857825272422
-1.0976117781796166,-0.5741962509749007
-0.9278290151260915,-1.2275449069398015
-1.4537402335744356,-0.34364004477644694
1.829120453334524,1.1663896371416644
1.481423322406762,1.1068340392933393
-1.6078605518493085,-0.7638973351507801
-0.9646504483900324,-0.7479536024154985
-1.8832155729265398,-0.5632219532837465
0.09496821230419841,0.22586275181942
0.0742088359309951,-0.23739673580540488
0.18485232557688708,0.27294065792874245
-1.2019667674703027,-0.7358380163159451
-1.011979260384984,-0.30889722798567587
0.46309748655696814,-0.10272519394076973
1.4659179258902633,0.14902827100608806
2.238621797355923,0.41632585911412556
1.84423214437619,1.5505805755000481
1.8412459178340503,0.7968755352966338
0.13565209834784045,0.23527696991311425
0.13753371212369686,-0.43765689060931373
-0.2079261134813363,0.17124746413482245
-0.26848443378142206,0.20421625510704108
-0.6342126981382168,-0.3890841501462903
0.4348788971147523,0.18681551559332052
-0.5889527955385468,-0.08172573350485107
-0.7350260455757364,-0.40652095926610327
-1.1339106426640537,0.017192488430616715
0.5498483008368801,0.6963583607573769
0.31714794188385637,-0.1757167242390277
-0.2759894724600397,0.06510195527913318
-0.1527533794123795,-0.5089228462135056
-0.582316258039801,0.03748619397774572
1.2200682514710115,0.8562749190175153
0.30524586911216867,0.537525598250597
1.6208333151854015,0.8876066769699622
-1.4446565941287421,-0.9389617962833001
-0.44808562608017355,-0.6335188882830025
-0.4987523403645894,-0.1310944957539471
-0.16682244927588308,-0.4141221714036163
1.4750387471922612,0.8240192220764461
0.8122459411460898,0.3142115415216299
0.7126947977291933,1.0352903615220272
0.32474494437066637,0.14279497259709084
1.1368516549969343,0.7427246827378519
0.9449446185520812,0.7163926537144276
1.9102584754868313,0.6993365535688392
0.9304104839516942,-0.05376680791332822
0.9600115185897579,0.3854798778309029
-0.07967793748847901,0.5409894374550022
-1.1644697275663018,-0.6877942962306982
-0.2275094431569701,-0.3986446548905857
-0.8330297369288435,-0.3010413716177077
0.8786755512383866,-0.2634916056237885
0.6268617378324982,0.8573438466923796
2.6289078309714555,1.8584740737798908
-0.49549137991027187,-0.09074363527262316
-0.13240284552605874,-0.46489840613396727
-0.5303278069362949,-0.8103941370500491
-0.48717062933277006,-0.32175826884861747
-0.960300927674135,-0.8255883537595956
1.4015218724854557,0.8492239954982996
0.044553680573011074,0.19079951646676035
0.07498012664280657,0.011430935917932712
-0.37593981490842754,-0.22268485535010937
-0.08063894443108083,-0.11528465012690824
-0.4040937298190744,0.1806639338632942
0.6783225125086636,1.2116837822630693
1.0588674030522625,1.00403230905895
0.4406660809226328,0.6270785235927803
0.416673090815956,0.6999308908420194
1.4230084578559434,0.11362813710564734
1.2344917144252996,0.9706968289195104
0.52323154322847,0.7941304005276542
1.5038044804194748,0.8316094514845888
-0.9568092928875022,-1.146231926891256
-0.8923341065345259,-1.3052598282955064
-0.08616175112192263,0.47283138815737547
0.3849391267793523,0.12554907978656737
-0.30560985339194036,0.48898787126065024
-0.4219733156840446,0.34969196297780336
-0.6487457577612954,-0.6792344910968081
0.511071809341271,0.1285223394311012
-1.5091929538698603,-0.37386589591799635
-0.40870974549630784,0.29458052361390336
-0.8012513539237424,-0.710670873944451
1.8721264318991213,0.9796142815629518
0.1620847967981591,-0.06217035199925533
-0.2634213849396363,-0.4641427247965444
-1.1511845123305762,-0.2297866532546951
-0.7121749566769688,-0.6571019919663562
0.6503926378722097,0.8129519294432058
0.28010536195556335,0.04647261679013044
-1.01292905422743,-0.9161918178192545
0.6356283632455824,1.0411822095880807
0.3177601454883199,-0.2512695806752754
1.6774741193540041,1.4217771436451665
0.1401989538093062,-0.03701848049760416
-0.031711071755002485,0.3292301224913571
0.6532016782535698,0.5394279116103339
0.3447672639897489,0.14511555324909609
0.06783487406643801,-0.10891336067290888
1.2307007749130923,-0.1289289897885495
-2.0262855376677864,-1.8115537443483167
-0.3977130501662388,0.14783833879758232
0.2676116212910816,0.306498539492255
0.2401062198198223,0.911820715563236
-0.8336476813419811,-0.14777550785658
-0.47599037365521557,-0.5555012396139396
0.3132251161909164,-0.07780875219501457
1.0454097114753769,0.6530132862781257
-1.0915760534150332,-1.0866114408491843
-0.09111787113085713,0.0894961707363904
-0.5903734723648979,-0.6414374121666503
2.803181859940345,1.9896379524181163
1.2597043931813419,1.3600342217523904
0.036237834183959275,0.5552589898050422
0.9138282291353684,0.9042766370782502
0.110310361092851,-0.23647944570771667
-0.06341729429945975,1.1175920459486324
-1.12428655705078,-0.7619836741451108
0.07760534280892263,-0.34244326234724565
-0.4010039591681947,-0.5820936017487791
-0.4976380192327729,-1.254125597737119
-0.9434030937419834,-0.2806303204349815
0.2398819508237809,0.4371885891975966
-1.8298815208724573,-0.6802675077051699
3.580571190161502,2.044716690278185
-0.6878972328577924,-0.118256655796526
0.2791180419187396,0.471377915634699
0.12969818490060991,-0.36885813456320005
0.6104218024151946,0.2454048283510522
0.527008714607076,-0.5481714381424174
0.20048506289309626,0.9906600854247201
1.5322202181166664,0.40089938912882916
0.696037671188371,0.2342350713946422
0.785612831589875,-0.29134864656014875
0.7709300305072732,-0.002108548346808181
1.0117453604839264,0.7647807941238124
0.561517962731013,0.1957963619183495
0.06612707136280567,-0.11145225942589726
0.8572876995658507,-0.14045609175569707
-0.15182575154394484,-0.49827780063504623
0.07468508588214068,-0.6243297075525616
0.02838696338262936,0.4392304593257791
-1.8746786264775324,-0.5185523081684738
0.8950995277810065,0.060446692365571764
1.96872906510905,1.8022459698267577
0.028138415311321198,0.20363955022244284
1.530445723637745,-0.04375987879322285
-1.6045525413711015,-1.6016035828936452
1.2489057774027856,0.8472125390898904
-0.8384663912001443,0.10239001464797604
0.20697534137594772,-0.4514863539566625
-1.4051849139919241,-1.011866185788152
-1.0861535430559086,-0.022681787808251697
-0.43078873466933515,0.3936687975611811
0.0981509739085658,0.048318005935394204
-1.8104523514164437,-1.756794524610589
0.5300562042210878,0.11654740922522927
1.766590411194587,1.402747715601996
-1.4358038747915365,-0.49724616722441567
-1.260003931872894,-0.829848498634486
0.423499918682025,0.26707655330777214
-0.5119901824592017,-0.10694317300996131
-1.3834112153223161,-0.5162579870888568
-0.41102633981869546,-0.5734695352363186
0.7451820437955977,0.3815545476725386
-0.05611380743190316,-0.4796935099237839
1.5564649906519887,0.14976704116968276
0.062278325175774855,0.32393224285042327
1.7132257020207609,1.0435709032313512
-0.3867124572240561,-0.1314017129678539
1.1921549967215097,0.46770447103327256
0.6261036474890919,0.02050969019607146
-0.2753927507724104,-0.7527618105408181
0.7542490666304802,0.8123685511520127
-0.340116636663941,-0.03534374612899022
1.224651813805717,1.0037697782252866
1.6248678245674808,1.4792776601147115
-0.46613685753634165,-0.4079023758190369
-0.7233937036604755,-0.5766419079411422
0.8114135695081212,1.026809113735089
0.6153259266852463,0.28227933850469933
-0.04454683851651913,0.3150936904723377
1.7646120944688157,1.4732895180744907
-0.08258911652509844,-0.45273660334098725
-1.059034249131902,-0.5128424348669505
-0.6914881852362296,-1.038625930414992
-0.2771936927430776,0.015530135098713954
-0.4990058192462455,-0.5204781703349283
-1.5613045523259679,-0.8898863459367876
-0.782758754212549,-1.0669989976850887
-0.5777780209268943,0.061051017603162394
-0.4618208971315223,-0.7791132098910596
0.4688736154019544,-0.6804102574882431
1.6156642597789435,0.44744557084860537
-0.37979231616906006,-0.8647089847087799
-0.7576699513948861,-0.004871049739466948
0.2099926652520516,0.41029351319842566
-1.2782442412232542,-0.4358675269827712
0.4114788566076182,-0.06539562160581316
-1.1549447345811994,-0.27204327918634263
-1.4778368635291876,-1.0266836485330868
1.387818382493348,1.3651743342834444
1.8360562307255608,1.764137198404182
1.6812564451337164,1.033590029386927
0.12315534946120009,0.2493818258277097
1.2896019050952061,0.5979509114009972
-0.012936744960558813,-0.8522434367931034
-0.3819775742890544,0.8534813384329327
-2.038139544194586,-1.2190763078564493
2.2922736523310143,1.5408742622280016
-1.2477571864683428,-1.33821787484966
0.1730062664030636,-0.2982564712795637
0.9522786585822246,0.5982221614345916
-0.4117530596752724,-0.6509293521561053
-0.8585735380130591,-0.8217536011145374
1.3619346543568738,1.0716976282758581
-0.979118726727734,-1.3609432613123604
-1.3247234515759607,-0.9766900805665728
-0.2894877700280578,-0.12189810919285897
0.837080433606829,0.4228318220671718
0.3025686490032261,0.12849962676642201
0.6699222208602337,0.8192110251165013
-0.18165200597961906,-0.6133007687529874
1.5788189719755308,1.2191370207956091
0.7047171415251057,1.0787489367745091
-0.4254125821967416,-0.6699236573936973
1.0211373184050476,0.9358834364951798
-0.36768014555174455,-0.6007800852216624
0.6679151130122402,0.3075103164018552
-0.1118051969998218,-0.2453374435788095
1.0475050180476797,1.1222092960682852
1.7973928763382618,0.6998506632130501
1.88316822729616,1.3323114565590353
-0.47926478822134777,-0.09064938999041666
0.5597792030196937,0.13570642210448358
0.22134873490175133,0.09368906381955568
-1.9205418903164586,-1.5784794033044383
0.5157863641117251,0.3822437451975892
0.35749175886520385,0.14572462178340062
1.1152026835468987,-0.06376272355953538
-1.2978176166672757,-0.27805362683568413
1.2200456925748568,0.2119184076364058
1.1027364029419484,1.1468678455588581
-1.6780587088555232,-0.838031350536259
-0.07417440352870448,-0.09849091038902322
-0.48661058664843637,-0.5392593547151494
1.8392507143343475,2.6477314683598694
0.8927183934149879,0.6433275595392451
0.3204259260171352,-0.061743323070779454
0.5504912514638107,0.6858256054687261
0.3801597048270226,0.8007399424868431
-0.3592563669327148,0.5208350007852949
-0.13822457016815443,-0.5822116602046543
-0.4831666569383158,-0.6292120318558339
0.4540278769589371,0.6602863225404176
-0.532113827827854,-0.06573193457074139
-0.8221516651349641,0.25677501906707867
-2.049914374499878,-0.4558902588144311
0.8681317277670869,0.4793423585397541
-0.9587878291269808,-0.09075897476753247
-0.47562633546806604,-1.2044796990708897
0.5300548948024983,0.12675241568400517
-2.1294627339759744,-0.23749839774753578
0.03836469035975577,0.027133346951515022
0.72294459405505,0.05980076710525112
0.5779296855551298,-0.32354195935734936
-1.7101255915444113,-0.25055261010090846
0.09954238960445962,-0.6025502179939002
-1.183531098315684,0.07066964081804039
2.867786755077846,1.582898732103924
0.43759646560405285,0.432580820664088
1.2301531990296184,1.496116715362405
-0.9214539007565082,-0.7719457078518389
-1.3751191896676174,-1.6115058181336646
0.023458028921325307,0.09148866523337149
0.6661529465159818,0.1010824161927138
-0.08794788735643928,-0.2756540957621544
-2.160695196673674,-1.4661896441900872
0.07857857351118316,0.30241739750343194
0.2871957068156001,1.1339500695491853
-0.7341036364800914,-0.9015606963249623
0.6939097060604918,0.5893187123810231
1.223790590195823,0.7811004821840638
-0.2017075205195674,0.1620771318566061
-1.0450785626022643,-0.1788385204142542
-0.10799400072297864,0.2829638967686696
0.9431467899577747,0.4414509411716395
1.7620816499363874,0.7801664707943035
0.39343975714902246,1.2184109453335434
-0.21814749343829234,0.15980670024102941
0.40719606079040027,-0.7128389639498685
-0.5513966059014892,-0.15267028867863702
0.07059947945588722,0.46266981564186255
-0.44313010425938093,-0.3973114864721592
1.6490154956069065,0.8586452262020638
0.44115041788782045,-0.23044155901459829
0.6964383628116193,-0.027627469763511048
-0.26677267352636735,0.04356056571019154
0.4001926314285405,0.20281596337387886
-1.011406676027437,-1.043925512423055
0.7752710509177123,-0.0341835775543079
-1.320873229876383,-0.9115086156964566
0.731850972218266,-0.12104529975664174
-0.015877784031078028,-0.135911434154676
0.1234980569456429,0.6849599331600377
-0.09877151409512411,-0.04150439520605547
-0.6475265803250548,-0.2781418548978449
-0.3850983225641231,-0.5383332897768532
0.6999604389659744,0.531823975085559
1.2568365304157998,0.2653158399818522
-0.6026222885192123,-0.34235431771088565
-0.06810344408704312,-0.7356942213414869
-1.7275460306408086,-1.2432577644507499
1.6966638291121598,0.26068783351575875
-1.0126811054982754,-1.3757475104656494
-1.8092497462828927,-1.3080481159054238
-0.13207056991689192,0.30738932240124966
0.4820078470833157,1.06436767825912
1.6856474185863195,0.9669275961940925
-0.025104571122987238,0.754926474086779
0.695775073299463,-0.4171006890302218
-0.1520803592852348,-0.37113081355229116
-0.5082269385833031,-0.7634677617527079
0.020473020258625015,-0.5935251376691202
-0.40787635028885655,-0.4144892218527049
-0.05677386375749425,0.4910478116446845
0.07416402508881184,0.981762430124419
0.040027507722559044,0.9815458217806164
-0.7766419008371754,-0.10770330308010845
-0.006016284670954103,-0.33891385569804855
-0.0319530468731667,-0.3984760071460397
0.5950359607977516,-0.11239752543251313
1.0296282203453742,1.3567557558255867
-0.42492409978088425,0.48739967320955474
-1.651075067265577,-1.6368062382462125
0.25182622771564317,-0.4333554426477929
-2.0549176393604527,-0.4900121343962235
0.21435018957225271,-0.15666767947586957
1.0659984100490796,0.8285015789564488
2.283674322866455,0.6580663264094129
1.154770287279105,0.8087216439039261
-1.503041914099247,-2.156226030060661
-1.6983127106897862,-1.1094540403306536
1.2115846026731578,1.3729854289899466
0.30421882172547227,0.9161970205438097
-0.2222430633813199,-0.4390606240509707
2.19443553057643,1.4796959003774377
-0.3697057414684943,-0.20899804245934644
0.43565574404502316,0.056911155136805586
-0.7596942071590156,-0.8162970973392217
1.0353785405895568,0.5770857952032803
-0.20902224866673688,-0.8045922445510523
-2.2527605450260335,-1.7898051514652966
0.133873148403793,0.10971043147360418
-0.025662379911048836,0.1930381703232499
-0.3197551457792985,0.33831067038469564
-1.6743348466019359,-1.7034796813515438
-0.8951689159878699,-0.6365562193797863
1.6677677498381602,0.8225524171412634
1.0441372780347828,0.2539178170741843
-0.6307452421612268,-0.3952749034901479
0.4528952689978936,0.09532158789672127
0.30397217857879444,-0.07377434004696345
1.0538949556331578,1.3081071493855847
-1.4554082948581963,0.007788535982886091
-0.6810908451974801,-0.787704722882708
0.1882774803300202,-0.8317611045565929
-0.1102413019754004,0.5894938782483434
-0.8573080917497341,-0.1805870745956445
0.07942569774799094,0.34996317219499296
